hour,day_of_week,lighting_factor,crowd_density,historical_incident_density,weather_factor,road_environment_factor,risk_score
0,0,0.25,0.2,0.0,0.0,0.0,62.4
0,0,0.25,0.45,0.0,0.0,0.0,57.9
0,0,0.25,0.7,0.0,0.0,0.0,53.4
0,0,0.25,0.9,0.0,0.0,0.0,49.8
0,0,0.5,0.2,0.0,0.0,0.0,56.4
0,0,0.5,0.45,0.0,0.0,0.0,51.9
0,0,0.5,0.7,0.0,0.0,0.0,47.4
0,0,0.5,0.9,0.0,0.0,0.0,43.8
0,0,0.75,0.2,0.0,0.0,0.0,50.4
0,0,0.75,0.45,0.0,0.0,0.0,45.9
0,0,0.75,0.7,0.0,0.0,0.0,41.4
0,0,0.75,0.9,0.0,0.0,0.0,37.8
0,0,0.9,0.2,0.0,0.0,0.0,46.8
0,0,0.9,0.45,0.0,0.0,0.0,42.3
0,0,0.9,0.7,0.0,0.0,0.0,37.8
0,0,0.9,0.9,0.0,0.0,0.0,34.199999999999996
0,1,0.25,0.2,0.5,0.1,0.1,75.0
0,1,0.25,0.45,0.5,0.1,0.1,70.5
0,1,0.25,0.7,0.5,0.1,0.1,66.0
0,1,0.25,0.9,0.5,0.1,0.1,62.39999999999999
0,1,0.5,0.2,0.5,0.1,0.1,69.0
0,1,0.5,0.45,0.5,0.1,0.1,64.5
0,1,0.5,0.7,0.5,0.1,0.1,59.99999999999999
0,1,0.5,0.9,0.5,0.1,0.1,56.39999999999999
0,1,0.75,0.2,0.5,0.1,0.1,62.99999999999999
0,1,0.75,0.45,0.5,0.1,0.1,58.49999999999999
0,1,0.75,0.7,0.5,0.1,0.1,53.99999999999999
0,1,0.75,0.9,0.5,0.1,0.1,50.39999999999999
0,1,0.9,0.2,0.5,0.1,0.1,59.39999999999999
0,1,0.9,0.45,0.5,0.1,0.1,54.89999999999999
0,1,0.9,0.7,0.5,0.1,0.1,50.39999999999999
0,1,0.9,0.9,0.5,0.1,0.1,46.79999999999999
0,2,0.25,0.2,0.0,0.2,0.2,67.6
0,2,0.25,0.45,0.0,0.2,0.2,63.1
0,2,0.25,0.7,0.0,0.2,0.2,58.6
0,2,0.25,0.9,0.0,0.2,0.2,55.0
0,2,0.5,0.2,0.0,0.2,0.2,61.6
0,2,0.5,0.45,0.0,0.2,0.2,57.1
0,2,0.5,0.7,0.0,0.2,0.2,52.6
0,2,0.5,0.9,0.0,0.2,0.2,49.0
0,2,0.75,0.2,0.0,0.2,0.2,55.6
0,2,0.75,0.45,0.0,0.2,0.2,51.1
0,2,0.75,0.7,0.0,0.2,0.2,46.6
0,2,0.75,0.9,0.0,0.2,0.2,43.0
0,2,0.9,0.2,0.0,0.2,0.2,52.0
0,2,0.9,0.45,0.0,0.2,0.2,47.5
0,2,0.9,0.7,0.0,0.2,0.2,43.0
0,2,0.9,0.9,0.0,0.2,0.2,39.4
0,3,0.25,0.2,0.5,0.3,0.3,80.20000000000002
0,3,0.25,0.45,0.5,0.3,0.3,75.70000000000002
0,3,0.25,0.7,0.5,0.3,0.3,71.2
0,3,0.25,0.9,0.5,0.3,0.3,67.6
0,3,0.5,0.2,0.5,0.3,0.3,74.20000000000002
0,3,0.5,0.45,0.5,0.3,0.3,69.7
0,3,0.5,0.7,0.5,0.3,0.3,65.2
0,3,0.5,0.9,0.5,0.3,0.3,61.599999999999994
0,3,0.75,0.2,0.5,0.3,0.3,68.2
0,3,0.75,0.45,0.5,0.3,0.3,63.699999999999996
0,3,0.75,0.7,0.5,0.3,0.3,59.199999999999996
0,3,0.75,0.9,0.5,0.3,0.3,55.599999999999994
0,3,0.9,0.2,0.5,0.3,0.3,64.6
0,3,0.9,0.45,0.5,0.3,0.3,60.099999999999994
0,3,0.9,0.7,0.5,0.3,0.3,55.599999999999994
0,3,0.9,0.9,0.5,0.3,0.3,51.99999999999999
0,4,0.25,0.2,0.0,0.0,0.4,69.6
0,4,0.25,0.45,0.0,0.0,0.4,65.1
0,4,0.25,0.7,0.0,0.0,0.4,60.6
0,4,0.25,0.9,0.0,0.0,0.4,57.0
0,4,0.5,0.2,0.0,0.0,0.4,63.6
0,4,0.5,0.45,0.0,0.0,0.4,59.1
0,4,0.5,0.7,0.0,0.0,0.4,54.6
0,4,0.5,0.9,0.0,0.0,0.4,51.0
0,4,0.75,0.2,0.0,0.0,0.4,57.6
0,4,0.75,0.45,0.0,0.0,0.4,53.1
0,4,0.75,0.7,0.0,0.0,0.4,48.6
0,4,0.75,0.9,0.0,0.0,0.4,45.0
0,4,0.9,0.2,0.0,0.0,0.4,54.0
0,4,0.9,0.45,0.0,0.0,0.4,49.5
0,4,0.9,0.7,0.0,0.0,0.4,45.0
0,4,0.9,0.9,0.0,0.0,0.4,41.4
0,5,0.25,0.2,0.5,0.1,0.0,73.2
0,5,0.25,0.45,0.5,0.1,0.0,68.7
0,5,0.25,0.7,0.5,0.1,0.0,64.2
0,5,0.25,0.9,0.5,0.1,0.0,60.599999999999994
0,5,0.5,0.2,0.5,0.1,0.0,67.2
0,5,0.5,0.45,0.5,0.1,0.0,62.699999999999996
0,5,0.5,0.7,0.5,0.1,0.0,58.199999999999996
0,5,0.5,0.9,0.5,0.1,0.0,54.599999999999994
0,5,0.75,0.2,0.5,0.1,0.0,61.199999999999996
0,5,0.75,0.45,0.5,0.1,0.0,56.699999999999996
0,5,0.75,0.7,0.5,0.1,0.0,52.199999999999996
0,5,0.75,0.9,0.5,0.1,0.0,48.599999999999994
0,5,0.9,0.2,0.5,0.1,0.0,57.599999999999994
0,5,0.9,0.45,0.5,0.1,0.0,53.099999999999994
0,5,0.9,0.7,0.5,0.1,0.0,48.599999999999994
0,5,0.9,0.9,0.5,0.1,0.0,44.99999999999999
0,6,0.25,0.2,0.0,0.2,0.1,65.8
0,6,0.25,0.45,0.0,0.2,0.1,61.3
0,6,0.25,0.7,0.0,0.2,0.1,56.8
0,6,0.25,0.9,0.0,0.2,0.1,53.199999999999996
0,6,0.5,0.2,0.0,0.2,0.1,59.8
0,6,0.5,0.45,0.0,0.2,0.1,55.3
0,6,0.5,0.7,0.0,0.2,0.1,50.8
0,6,0.5,0.9,0.0,0.2,0.1,47.199999999999996
0,6,0.75,0.2,0.0,0.2,0.1,53.8
0,6,0.75,0.45,0.0,0.2,0.1,49.3
0,6,0.75,0.7,0.0,0.2,0.1,44.8
0,6,0.75,0.9,0.0,0.2,0.1,41.199999999999996
0,6,0.9,0.2,0.0,0.2,0.1,50.199999999999996
0,6,0.9,0.45,0.0,0.2,0.1,45.699999999999996
0,6,0.9,0.7,0.0,0.2,0.1,41.199999999999996
0,6,0.9,0.9,0.0,0.2,0.1,37.599999999999994
1,0,0.25,0.2,0.3,0.1,0.2,72.8
1,0,0.25,0.45,0.3,0.1,0.2,68.3
1,0,0.25,0.7,0.3,0.1,0.2,63.8
1,0,0.25,0.9,0.3,0.1,0.2,60.199999999999996
1,0,0.5,0.2,0.3,0.1,0.2,66.8
1,0,0.5,0.45,0.3,0.1,0.2,62.3
1,0,0.5,0.7,0.3,0.1,0.2,57.8
1,0,0.5,0.9,0.3,0.1,0.2,54.199999999999996
1,0,0.75,0.2,0.3,0.1,0.2,60.8
1,0,0.75,0.45,0.3,0.1,0.2,56.3
1,0,0.75,0.7,0.3,0.1,0.2,51.8
1,0,0.75,0.9,0.3,0.1,0.2,48.199999999999996
1,0,0.9,0.2,0.3,0.1,0.2,57.199999999999996
1,0,0.9,0.45,0.3,0.1,0.2,52.699999999999996
1,0,0.9,0.7,0.3,0.1,0.2,48.199999999999996
1,0,0.9,0.9,0.3,0.1,0.2,44.599999999999994
1,1,0.25,0.2,0.8,0.2,0.3,85.4
1,1,0.25,0.45,0.8,0.2,0.3,80.9
1,1,0.25,0.7,0.8,0.2,0.3,76.4
1,1,0.25,0.9,0.8,0.2,0.3,72.8
1,1,0.5,0.2,0.8,0.2,0.3,79.4
1,1,0.5,0.45,0.8,0.2,0.3,74.9
1,1,0.5,0.7,0.8,0.2,0.3,70.4
1,1,0.5,0.9,0.8,0.2,0.3,66.8
1,1,0.75,0.2,0.8,0.2,0.3,73.4
1,1,0.75,0.45,0.8,0.2,0.3,68.9
1,1,0.75,0.7,0.8,0.2,0.3,64.4
1,1,0.75,0.9,0.8,0.2,0.3,60.8
1,1,0.9,0.2,0.8,0.2,0.3,69.8
1,1,0.9,0.45,0.8,0.2,0.3,65.3
1,1,0.9,0.7,0.8,0.2,0.3,60.8
1,1,0.9,0.9,0.8,0.2,0.3,57.199999999999996
1,2,0.25,0.2,0.3,0.3,0.4,78.00000000000001
1,2,0.25,0.45,0.3,0.3,0.4,73.5
1,2,0.25,0.7,0.3,0.3,0.4,69.0
1,2,0.25,0.9,0.3,0.3,0.4,65.39999999999999
1,2,0.5,0.2,0.3,0.3,0.4,72.0
1,2,0.5,0.45,0.3,0.3,0.4,67.5
1,2,0.5,0.7,0.3,0.3,0.4,63.0
1,2,0.5,0.9,0.3,0.3,0.4,59.4
1,2,0.75,0.2,0.3,0.3,0.4,66.0
1,2,0.75,0.45,0.3,0.3,0.4,61.5
1,2,0.75,0.7,0.3,0.3,0.4,57.0
1,2,0.75,0.9,0.3,0.3,0.4,53.4
1,2,0.9,0.2,0.3,0.3,0.4,62.4
1,2,0.9,0.45,0.3,0.3,0.4,57.9
1,2,0.9,0.7,0.3,0.3,0.4,53.4
1,2,0.9,0.9,0.3,0.3,0.4,49.8
1,3,0.25,0.2,0.8,0.0,0.0,78.4
1,3,0.25,0.45,0.8,0.0,0.0,73.9
1,3,0.25,0.7,0.8,0.0,0.0,69.4
1,3,0.25,0.9,0.8,0.0,0.0,65.8
1,3,0.5,0.2,0.8,0.0,0.0,72.4
1,3,0.5,0.45,0.8,0.0,0.0,67.9
1,3,0.5,0.7,0.8,0.0,0.0,63.4
1,3,0.5,0.9,0.8,0.0,0.0,59.8
1,3,0.75,0.2,0.8,0.0,0.0,66.4
1,3,0.75,0.45,0.8,0.0,0.0,61.9
1,3,0.75,0.7,0.8,0.0,0.0,57.4
1,3,0.75,0.9,0.8,0.0,0.0,53.8
1,3,0.9,0.2,0.8,0.0,0.0,62.8
1,3,0.9,0.45,0.8,0.0,0.0,58.3
1,3,0.9,0.7,0.8,0.0,0.0,53.8
1,3,0.9,0.9,0.8,0.0,0.0,50.199999999999996
1,4,0.25,0.2,0.3,0.1,0.1,71.0
1,4,0.25,0.45,0.3,0.1,0.1,66.5
1,4,0.25,0.7,0.3,0.1,0.1,61.99999999999999
1,4,0.25,0.9,0.3,0.1,0.1,58.39999999999999
1,4,0.5,0.2,0.3,0.1,0.1,65.0
1,4,0.5,0.45,0.3,0.1,0.1,60.49999999999999
1,4,0.5,0.7,0.3,0.1,0.1,55.99999999999999
1,4,0.5,0.9,0.3,0.1,0.1,52.39999999999999
1,4,0.75,0.2,0.3,0.1,0.1,58.99999999999999
1,4,0.75,0.45,0.3,0.1,0.1,54.49999999999999
1,4,0.75,0.7,0.3,0.1,0.1,49.99999999999999
1,4,0.75,0.9,0.3,0.1,0.1,46.39999999999999
1,4,0.9,0.2,0.3,0.1,0.1,55.39999999999999
1,4,0.9,0.45,0.3,0.1,0.1,50.89999999999999
1,4,0.9,0.7,0.3,0.1,0.1,46.39999999999999
1,4,0.9,0.9,0.3,0.1,0.1,42.79999999999999
1,5,0.25,0.2,0.8,0.2,0.2,83.6
1,5,0.25,0.45,0.8,0.2,0.2,79.1
1,5,0.25,0.7,0.8,0.2,0.2,74.6
1,5,0.25,0.9,0.8,0.2,0.2,70.99999999999999
1,5,0.5,0.2,0.8,0.2,0.2,77.6
1,5,0.5,0.45,0.8,0.2,0.2,73.1
1,5,0.5,0.7,0.8,0.2,0.2,68.6
1,5,0.5,0.9,0.8,0.2,0.2,65.0
1,5,0.75,0.2,0.8,0.2,0.2,71.6
1,5,0.75,0.45,0.8,0.2,0.2,67.1
1,5,0.75,0.7,0.8,0.2,0.2,62.6
1,5,0.75,0.9,0.8,0.2,0.2,59.0
1,5,0.9,0.2,0.8,0.2,0.2,67.99999999999999
1,5,0.9,0.45,0.8,0.2,0.2,63.5
1,5,0.9,0.7,0.8,0.2,0.2,59.0
1,5,0.9,0.9,0.8,0.2,0.2,55.4
1,6,0.25,0.2,0.3,0.3,0.3,76.20000000000002
1,6,0.25,0.45,0.3,0.3,0.3,71.7
1,6,0.25,0.7,0.3,0.3,0.3,67.2
1,6,0.25,0.9,0.3,0.3,0.3,63.599999999999994
1,6,0.5,0.2,0.3,0.3,0.3,70.2
1,6,0.5,0.45,0.3,0.3,0.3,65.7
1,6,0.5,0.7,0.3,0.3,0.3,61.199999999999996
1,6,0.5,0.9,0.3,0.3,0.3,57.599999999999994
1,6,0.75,0.2,0.3,0.3,0.3,64.2
1,6,0.75,0.45,0.3,0.3,0.3,59.699999999999996
1,6,0.75,0.7,0.3,0.3,0.3,55.199999999999996
1,6,0.75,0.9,0.3,0.3,0.3,51.599999999999994
1,6,0.9,0.2,0.3,0.3,0.3,60.599999999999994
1,6,0.9,0.45,0.3,0.3,0.3,56.099999999999994
1,6,0.9,0.7,0.3,0.3,0.3,51.599999999999994
1,6,0.9,0.9,0.3,0.3,0.3,47.99999999999999
2,0,0.25,0.2,0.6,0.2,0.4,83.2
2,0,0.25,0.45,0.6,0.2,0.4,78.7
2,0,0.25,0.7,0.6,0.2,0.4,74.2
2,0,0.25,0.9,0.6,0.2,0.4,70.6
2,0,0.5,0.2,0.6,0.2,0.4,77.2
2,0,0.5,0.45,0.6,0.2,0.4,72.7
2,0,0.5,0.7,0.6,0.2,0.4,68.2
2,0,0.5,0.9,0.6,0.2,0.4,64.6
2,0,0.75,0.2,0.6,0.2,0.4,71.2
2,0,0.75,0.45,0.6,0.2,0.4,66.7
2,0,0.75,0.7,0.6,0.2,0.4,62.2
2,0,0.75,0.9,0.6,0.2,0.4,58.6
2,0,0.9,0.2,0.6,0.2,0.4,67.6
2,0,0.9,0.45,0.6,0.2,0.4,63.1
2,0,0.9,0.7,0.6,0.2,0.4,58.6
2,0,0.9,0.9,0.6,0.2,0.4,55.0
2,1,0.25,0.2,0.1,0.3,0.0,66.80000000000001
2,1,0.25,0.45,0.1,0.3,0.0,62.3
2,1,0.25,0.7,0.1,0.3,0.0,57.8
2,1,0.25,0.9,0.1,0.3,0.0,54.199999999999996
2,1,0.5,0.2,0.1,0.3,0.0,60.8
2,1,0.5,0.45,0.1,0.3,0.0,56.3
2,1,0.5,0.7,0.1,0.3,0.0,51.8
2,1,0.5,0.9,0.1,0.3,0.0,48.199999999999996
2,1,0.75,0.2,0.1,0.3,0.0,54.8
2,1,0.75,0.45,0.1,0.3,0.0,50.3
2,1,0.75,0.7,0.1,0.3,0.0,45.8
2,1,0.75,0.9,0.1,0.3,0.0,42.199999999999996
2,1,0.9,0.2,0.1,0.3,0.0,51.199999999999996
2,1,0.9,0.45,0.1,0.3,0.0,46.699999999999996
2,1,0.9,0.7,0.1,0.3,0.0,42.199999999999996
2,1,0.9,0.9,0.1,0.3,0.0,38.599999999999994
2,2,0.25,0.2,0.6,0.0,0.1,76.2
2,2,0.25,0.45,0.6,0.0,0.1,71.7
2,2,0.25,0.7,0.6,0.0,0.1,67.2
2,2,0.25,0.9,0.6,0.0,0.1,63.599999999999994
2,2,0.5,0.2,0.6,0.0,0.1,70.2
2,2,0.5,0.45,0.6,0.0,0.1,65.7
2,2,0.5,0.7,0.6,0.0,0.1,61.199999999999996
2,2,0.5,0.9,0.6,0.0,0.1,57.599999999999994
2,2,0.75,0.2,0.6,0.0,0.1,64.2
2,2,0.75,0.45,0.6,0.0,0.1,59.699999999999996
2,2,0.75,0.7,0.6,0.0,0.1,55.199999999999996
2,2,0.75,0.9,0.6,0.0,0.1,51.599999999999994
2,2,0.9,0.2,0.6,0.0,0.1,60.599999999999994
2,2,0.9,0.45,0.6,0.0,0.1,56.099999999999994
2,2,0.9,0.7,0.6,0.0,0.1,51.599999999999994
2,2,0.9,0.9,0.6,0.0,0.1,47.99999999999999
2,3,0.25,0.2,0.1,0.1,0.2,68.8
2,3,0.25,0.45,0.1,0.1,0.2,64.3
2,3,0.25,0.7,0.1,0.1,0.2,59.8
2,3,0.25,0.9,0.1,0.1,0.2,56.199999999999996
2,3,0.5,0.2,0.1,0.1,0.2,62.8
2,3,0.5,0.45,0.1,0.1,0.2,58.3
2,3,0.5,0.7,0.1,0.1,0.2,53.8
2,3,0.5,0.9,0.1,0.1,0.2,50.199999999999996
2,3,0.75,0.2,0.1,0.1,0.2,56.8
2,3,0.75,0.45,0.1,0.1,0.2,52.3
2,3,0.75,0.7,0.1,0.1,0.2,47.8
2,3,0.75,0.9,0.1,0.1,0.2,44.199999999999996
2,3,0.9,0.2,0.1,0.1,0.2,53.199999999999996
2,3,0.9,0.45,0.1,0.1,0.2,48.699999999999996
2,3,0.9,0.7,0.1,0.1,0.2,44.199999999999996
2,3,0.9,0.9,0.1,0.1,0.2,40.599999999999994
2,4,0.25,0.2,0.6,0.2,0.3,81.4
2,4,0.25,0.45,0.6,0.2,0.3,76.9
2,4,0.25,0.7,0.6,0.2,0.3,72.4
2,4,0.25,0.9,0.6,0.2,0.3,68.8
2,4,0.5,0.2,0.6,0.2,0.3,75.4
2,4,0.5,0.45,0.6,0.2,0.3,70.9
2,4,0.5,0.7,0.6,0.2,0.3,66.4
2,4,0.5,0.9,0.6,0.2,0.3,62.8
2,4,0.75,0.2,0.6,0.2,0.3,69.4
2,4,0.75,0.45,0.6,0.2,0.3,64.9
2,4,0.75,0.7,0.6,0.2,0.3,60.4
2,4,0.75,0.9,0.6,0.2,0.3,56.8
2,4,0.9,0.2,0.6,0.2,0.3,65.8
2,4,0.9,0.45,0.6,0.2,0.3,61.3
2,4,0.9,0.7,0.6,0.2,0.3,56.8
2,4,0.9,0.9,0.6,0.2,0.3,53.199999999999996
2,5,0.25,0.2,0.1,0.3,0.4,74.00000000000001
2,5,0.25,0.45,0.1,0.3,0.4,69.5
2,5,0.25,0.7,0.1,0.3,0.4,65.0
2,5,0.25,0.9,0.1,0.3,0.4,61.4
2,5,0.5,0.2,0.1,0.3,0.4,68.0
2,5,0.5,0.45,0.1,0.3,0.4,63.5
2,5,0.5,0.7,0.1,0.3,0.4,59.0
2,5,0.5,0.9,0.1,0.3,0.4,55.4
2,5,0.75,0.2,0.1,0.3,0.4,62.0
2,5,0.75,0.45,0.1,0.3,0.4,57.5
2,5,0.75,0.7,0.1,0.3,0.4,53.0
2,5,0.75,0.9,0.1,0.3,0.4,49.4
2,5,0.9,0.2,0.1,0.3,0.4,58.4
2,5,0.9,0.45,0.1,0.3,0.4,53.9
2,5,0.9,0.7,0.1,0.3,0.4,49.4
2,5,0.9,0.9,0.1,0.3,0.4,45.8
2,6,0.25,0.2,0.6,0.0,0.0,74.4
2,6,0.25,0.45,0.6,0.0,0.0,69.9
2,6,0.25,0.7,0.6,0.0,0.0,65.4
2,6,0.25,0.9,0.6,0.0,0.0,61.8
2,6,0.5,0.2,0.6,0.0,0.0,68.4
2,6,0.5,0.45,0.6,0.0,0.0,63.9
2,6,0.5,0.7,0.6,0.0,0.0,59.4
2,6,0.5,0.9,0.6,0.0,0.0,55.8
2,6,0.75,0.2,0.6,0.0,0.0,62.4
2,6,0.75,0.45,0.6,0.0,0.0,57.9
2,6,0.75,0.7,0.6,0.0,0.0,53.4
2,6,0.75,0.9,0.6,0.0,0.0,49.8
2,6,0.9,0.2,0.6,0.0,0.0,58.8
2,6,0.9,0.45,0.6,0.0,0.0,54.3
2,6,0.9,0.7,0.6,0.0,0.0,49.8
2,6,0.9,0.9,0.6,0.0,0.0,46.199999999999996
3,0,0.25,0.2,0.9,0.3,0.1,84.60000000000001
3,0,0.25,0.45,0.9,0.3,0.1,80.10000000000001
3,0,0.25,0.7,0.9,0.3,0.1,75.60000000000001
3,0,0.25,0.9,0.9,0.3,0.1,72.0
3,0,0.5,0.2,0.9,0.3,0.1,78.60000000000001
3,0,0.5,0.45,0.9,0.3,0.1,74.10000000000001
3,0,0.5,0.7,0.9,0.3,0.1,69.60000000000001
3,0,0.5,0.9,0.9,0.3,0.1,66.0
3,0,0.75,0.2,0.9,0.3,0.1,72.60000000000001
3,0,0.75,0.45,0.9,0.3,0.1,68.1
3,0,0.75,0.7,0.9,0.3,0.1,63.599999999999994
3,0,0.75,0.9,0.9,0.3,0.1,59.99999999999999
3,0,0.9,0.2,0.9,0.3,0.1,69.0
3,0,0.9,0.45,0.9,0.3,0.1,64.5
3,0,0.9,0.7,0.9,0.3,0.1,59.99999999999999
3,0,0.9,0.9,0.9,0.3,0.1,56.39999999999999
3,1,0.25,0.2,0.4,0.0,0.2,74.0
3,1,0.25,0.45,0.4,0.0,0.2,69.5
3,1,0.25,0.7,0.4,0.0,0.2,65.0
3,1,0.25,0.9,0.4,0.0,0.2,61.4
3,1,0.5,0.2,0.4,0.0,0.2,68.0
3,1,0.5,0.45,0.4,0.0,0.2,63.5
3,1,0.5,0.7,0.4,0.0,0.2,59.0
3,1,0.5,0.9,0.4,0.0,0.2,55.4
3,1,0.75,0.2,0.4,0.0,0.2,62.0
3,1,0.75,0.45,0.4,0.0,0.2,57.5
3,1,0.75,0.7,0.4,0.0,0.2,53.0
3,1,0.75,0.9,0.4,0.0,0.2,49.4
3,1,0.9,0.2,0.4,0.0,0.2,58.4
3,1,0.9,0.45,0.4,0.0,0.2,53.9
3,1,0.9,0.7,0.4,0.0,0.2,49.4
3,1,0.9,0.9,0.4,0.0,0.2,45.8
3,2,0.25,0.2,0.9,0.1,0.3,86.60000000000001
3,2,0.25,0.45,0.9,0.1,0.3,82.10000000000001
3,2,0.25,0.7,0.9,0.1,0.3,77.60000000000001
3,2,0.25,0.9,0.9,0.1,0.3,74.0
3,2,0.5,0.2,0.9,0.1,0.3,80.60000000000001
3,2,0.5,0.45,0.9,0.1,0.3,76.10000000000001
3,2,0.5,0.7,0.9,0.1,0.3,71.60000000000001
3,2,0.5,0.9,0.9,0.1,0.3,68.0
3,2,0.75,0.2,0.9,0.1,0.3,74.60000000000001
3,2,0.75,0.45,0.9,0.1,0.3,70.10000000000001
3,2,0.75,0.7,0.9,0.1,0.3,65.6
3,2,0.75,0.9,0.9,0.1,0.3,61.99999999999999
3,2,0.9,0.2,0.9,0.1,0.3,71.0
3,2,0.9,0.45,0.9,0.1,0.3,66.5
3,2,0.9,0.7,0.9,0.1,0.3,61.99999999999999
3,2,0.9,0.9,0.9,0.1,0.3,58.39999999999999
3,3,0.25,0.2,0.4,0.2,0.4,79.2
3,3,0.25,0.45,0.4,0.2,0.4,74.7
3,3,0.25,0.7,0.4,0.2,0.4,70.2
3,3,0.25,0.9,0.4,0.2,0.4,66.6
3,3,0.5,0.2,0.4,0.2,0.4,73.2
3,3,0.5,0.45,0.4,0.2,0.4,68.7
3,3,0.5,0.7,0.4,0.2,0.4,64.2
3,3,0.5,0.9,0.4,0.2,0.4,60.6
3,3,0.75,0.2,0.4,0.2,0.4,67.2
3,3,0.75,0.45,0.4,0.2,0.4,62.7
3,3,0.75,0.7,0.4,0.2,0.4,58.2
3,3,0.75,0.9,0.4,0.2,0.4,54.6
3,3,0.9,0.2,0.4,0.2,0.4,63.6
3,3,0.9,0.45,0.4,0.2,0.4,59.1
3,3,0.9,0.7,0.4,0.2,0.4,54.6
3,3,0.9,0.9,0.4,0.2,0.4,51.0
3,4,0.25,0.2,0.9,0.3,0.0,82.80000000000001
3,4,0.25,0.45,0.9,0.3,0.0,78.30000000000001
3,4,0.25,0.7,0.9,0.3,0.0,73.80000000000001
3,4,0.25,0.9,0.9,0.3,0.0,70.2
3,4,0.5,0.2,0.9,0.3,0.0,76.80000000000001
3,4,0.5,0.45,0.9,0.3,0.0,72.30000000000001
3,4,0.5,0.7,0.9,0.3,0.0,67.80000000000001
3,4,0.5,0.9,0.9,0.3,0.0,64.2
3,4,0.75,0.2,0.9,0.3,0.0,70.80000000000001
3,4,0.75,0.45,0.9,0.3,0.0,66.3
3,4,0.75,0.7,0.9,0.3,0.0,61.8
3,4,0.75,0.9,0.9,0.3,0.0,58.199999999999996
3,4,0.9,0.2,0.9,0.3,0.0,67.2
3,4,0.9,0.45,0.9,0.3,0.0,62.699999999999996
3,4,0.9,0.7,0.9,0.3,0.0,58.199999999999996
3,4,0.9,0.9,0.9,0.3,0.0,54.599999999999994
3,5,0.25,0.2,0.4,0.0,0.1,72.2
3,5,0.25,0.45,0.4,0.0,0.1,67.7
3,5,0.25,0.7,0.4,0.0,0.1,63.199999999999996
3,5,0.25,0.9,0.4,0.0,0.1,59.599999999999994
3,5,0.5,0.2,0.4,0.0,0.1,66.2
3,5,0.5,0.45,0.4,0.0,0.1,61.699999999999996
3,5,0.5,0.7,0.4,0.0,0.1,57.199999999999996
3,5,0.5,0.9,0.4,0.0,0.1,53.599999999999994
3,5,0.75,0.2,0.4,0.0,0.1,60.199999999999996
3,5,0.75,0.45,0.4,0.0,0.1,55.699999999999996
3,5,0.75,0.7,0.4,0.0,0.1,51.199999999999996
3,5,0.75,0.9,0.4,0.0,0.1,47.599999999999994
3,5,0.9,0.2,0.4,0.0,0.1,56.599999999999994
3,5,0.9,0.45,0.4,0.0,0.1,52.099999999999994
3,5,0.9,0.7,0.4,0.0,0.1,47.599999999999994
3,5,0.9,0.9,0.4,0.0,0.1,43.99999999999999
3,6,0.25,0.2,0.9,0.1,0.2,84.8
3,6,0.25,0.45,0.9,0.1,0.2,80.3
3,6,0.25,0.7,0.9,0.1,0.2,75.8
3,6,0.25,0.9,0.9,0.1,0.2,72.19999999999999
3,6,0.5,0.2,0.9,0.1,0.2,78.8
3,6,0.5,0.45,0.9,0.1,0.2,74.3
3,6,0.5,0.7,0.9,0.1,0.2,69.8
3,6,0.5,0.9,0.9,0.1,0.2,66.19999999999999
3,6,0.75,0.2,0.9,0.1,0.2,72.8
3,6,0.75,0.45,0.9,0.1,0.2,68.3
3,6,0.75,0.7,0.9,0.1,0.2,63.8
3,6,0.75,0.9,0.9,0.1,0.2,60.199999999999996
3,6,0.9,0.2,0.9,0.1,0.2,69.19999999999999
3,6,0.9,0.45,0.9,0.1,0.2,64.69999999999999
3,6,0.9,0.7,0.9,0.1,0.2,60.199999999999996
3,6,0.9,0.9,0.9,0.1,0.2,56.599999999999994
4,0,0.25,0.2,0.2,0.0,0.3,71.80000000000001
4,0,0.25,0.45,0.2,0.0,0.3,67.3
4,0,0.25,0.7,0.2,0.0,0.3,62.8
4,0,0.25,0.9,0.2,0.0,0.3,59.199999999999996
4,0,0.5,0.2,0.2,0.0,0.3,65.8
4,0,0.5,0.45,0.2,0.0,0.3,61.3
4,0,0.5,0.7,0.2,0.0,0.3,56.8
4,0,0.5,0.9,0.2,0.0,0.3,53.199999999999996
4,0,0.75,0.2,0.2,0.0,0.3,59.8
4,0,0.75,0.45,0.2,0.0,0.3,55.3
4,0,0.75,0.7,0.2,0.0,0.3,50.8
4,0,0.75,0.9,0.2,0.0,0.3,47.199999999999996
4,0,0.9,0.2,0.2,0.0,0.3,56.199999999999996
4,0,0.9,0.45,0.2,0.0,0.3,51.699999999999996
4,0,0.9,0.7,0.2,0.0,0.3,47.199999999999996
4,0,0.9,0.9,0.2,0.0,0.3,43.599999999999994
4,1,0.25,0.2,0.7,0.1,0.4,84.4
4,1,0.25,0.45,0.7,0.1,0.4,79.9
4,1,0.25,0.7,0.7,0.1,0.4,75.4
4,1,0.25,0.9,0.7,0.1,0.4,71.8
4,1,0.5,0.2,0.7,0.1,0.4,78.4
4,1,0.5,0.45,0.7,0.1,0.4,73.9
4,1,0.5,0.7,0.7,0.1,0.4,69.39999999999999
4,1,0.5,0.9,0.7,0.1,0.4,65.8
4,1,0.75,0.2,0.7,0.1,0.4,72.4
4,1,0.75,0.45,0.7,0.1,0.4,67.89999999999999
4,1,0.75,0.7,0.7,0.1,0.4,63.4
4,1,0.75,0.9,0.7,0.1,0.4,59.8
4,1,0.9,0.2,0.7,0.1,0.4,68.8
4,1,0.9,0.45,0.7,0.1,0.4,64.3
4,1,0.9,0.7,0.7,0.1,0.4,59.8
4,1,0.9,0.9,0.7,0.1,0.4,56.199999999999996
4,2,0.25,0.2,0.2,0.2,0.0,68.0
4,2,0.25,0.45,0.2,0.2,0.0,63.5
4,2,0.25,0.7,0.2,0.2,0.0,59.0
4,2,0.25,0.9,0.2,0.2,0.0,55.4
4,2,0.5,0.2,0.2,0.2,0.0,62.0
4,2,0.5,0.45,0.2,0.2,0.0,57.5
4,2,0.5,0.7,0.2,0.2,0.0,53.0
4,2,0.5,0.9,0.2,0.2,0.0,49.4
4,2,0.75,0.2,0.2,0.2,0.0,56.0
4,2,0.75,0.45,0.2,0.2,0.0,51.5
4,2,0.75,0.7,0.2,0.2,0.0,47.0
4,2,0.75,0.9,0.2,0.2,0.0,43.4
4,2,0.9,0.2,0.2,0.2,0.0,52.4
4,2,0.9,0.45,0.2,0.2,0.0,47.9
4,2,0.9,0.7,0.2,0.2,0.0,43.4
4,2,0.9,0.9,0.2,0.2,0.0,39.8
4,3,0.25,0.2,0.7,0.3,0.1,80.60000000000001
4,3,0.25,0.45,0.7,0.3,0.1,76.10000000000001
4,3,0.25,0.7,0.7,0.3,0.1,71.60000000000001
4,3,0.25,0.9,0.7,0.3,0.1,68.0
4,3,0.5,0.2,0.7,0.3,0.1,74.60000000000001
4,3,0.5,0.45,0.7,0.3,0.1,70.10000000000001
4,3,0.5,0.7,0.7,0.3,0.1,65.6
4,3,0.5,0.9,0.7,0.3,0.1,61.99999999999999
4,3,0.75,0.2,0.7,0.3,0.1,68.60000000000001
4,3,0.75,0.45,0.7,0.3,0.1,64.1
4,3,0.75,0.7,0.7,0.3,0.1,59.599999999999994
4,3,0.75,0.9,0.7,0.3,0.1,55.99999999999999
4,3,0.9,0.2,0.7,0.3,0.1,65.0
4,3,0.9,0.45,0.7,0.3,0.1,60.49999999999999
4,3,0.9,0.7,0.7,0.3,0.1,55.99999999999999
4,3,0.9,0.9,0.7,0.3,0.1,52.39999999999999
4,4,0.25,0.2,0.2,0.0,0.2,70.0
4,4,0.25,0.45,0.2,0.0,0.2,65.5
4,4,0.25,0.7,0.2,0.0,0.2,61.0
4,4,0.25,0.9,0.2,0.0,0.2,57.4
4,4,0.5,0.2,0.2,0.0,0.2,64.0
4,4,0.5,0.45,0.2,0.0,0.2,59.5
4,4,0.5,0.7,0.2,0.0,0.2,55.0
4,4,0.5,0.9,0.2,0.0,0.2,51.4
4,4,0.75,0.2,0.2,0.0,0.2,58.0
4,4,0.75,0.45,0.2,0.0,0.2,53.5
4,4,0.75,0.7,0.2,0.0,0.2,49.0
4,4,0.75,0.9,0.2,0.0,0.2,45.4
4,4,0.9,0.2,0.2,0.0,0.2,54.4
4,4,0.9,0.45,0.2,0.0,0.2,49.9
4,4,0.9,0.7,0.2,0.0,0.2,45.4
4,4,0.9,0.9,0.2,0.0,0.2,41.8
4,5,0.25,0.2,0.7,0.1,0.3,82.60000000000001
4,5,0.25,0.45,0.7,0.1,0.3,78.10000000000001
4,5,0.25,0.7,0.7,0.1,0.3,73.60000000000001
4,5,0.25,0.9,0.7,0.1,0.3,70.0
4,5,0.5,0.2,0.7,0.1,0.3,76.60000000000001
4,5,0.5,0.45,0.7,0.1,0.3,72.10000000000001
4,5,0.5,0.7,0.7,0.1,0.3,67.6
4,5,0.5,0.9,0.7,0.1,0.3,63.99999999999999
4,5,0.75,0.2,0.7,0.1,0.3,70.60000000000001
4,5,0.75,0.45,0.7,0.1,0.3,66.1
4,5,0.75,0.7,0.7,0.1,0.3,61.599999999999994
4,5,0.75,0.9,0.7,0.1,0.3,57.99999999999999
4,5,0.9,0.2,0.7,0.1,0.3,67.0
4,5,0.9,0.45,0.7,0.1,0.3,62.49999999999999
4,5,0.9,0.7,0.7,0.1,0.3,57.99999999999999
4,5,0.9,0.9,0.7,0.1,0.3,54.39999999999999
4,6,0.25,0.2,0.2,0.2,0.4,75.2
4,6,0.25,0.45,0.2,0.2,0.4,70.7
4,6,0.25,0.7,0.2,0.2,0.4,66.2
4,6,0.25,0.9,0.2,0.2,0.4,62.6
4,6,0.5,0.2,0.2,0.2,0.4,69.2
4,6,0.5,0.45,0.2,0.2,0.4,64.7
4,6,0.5,0.7,0.2,0.2,0.4,60.2
4,6,0.5,0.9,0.2,0.2,0.4,56.6
4,6,0.75,0.2,0.2,0.2,0.4,63.2
4,6,0.75,0.45,0.2,0.2,0.4,58.7
4,6,0.75,0.7,0.2,0.2,0.4,54.2
4,6,0.75,0.9,0.2,0.2,0.4,50.6
4,6,0.9,0.2,0.2,0.2,0.4,59.6
4,6,0.9,0.45,0.2,0.2,0.4,55.1
4,6,0.9,0.7,0.2,0.2,0.4,50.6
4,6,0.9,0.9,0.2,0.2,0.4,47.0
5,0,0.25,0.2,0.5,0.1,0.0,73.2
5,0,0.25,0.45,0.5,0.1,0.0,68.7
5,0,0.25,0.7,0.5,0.1,0.0,64.2
5,0,0.25,0.9,0.5,0.1,0.0,60.599999999999994
5,0,0.5,0.2,0.5,0.1,0.0,67.2
5,0,0.5,0.45,0.5,0.1,0.0,62.699999999999996
5,0,0.5,0.7,0.5,0.1,0.0,58.199999999999996
5,0,0.5,0.9,0.5,0.1,0.0,54.599999999999994
5,0,0.75,0.2,0.5,0.1,0.0,61.199999999999996
5,0,0.75,0.45,0.5,0.1,0.0,56.699999999999996
5,0,0.75,0.7,0.5,0.1,0.0,52.199999999999996
5,0,0.75,0.9,0.5,0.1,0.0,48.599999999999994
5,0,0.9,0.2,0.5,0.1,0.0,57.599999999999994
5,0,0.9,0.45,0.5,0.1,0.0,53.099999999999994
5,0,0.9,0.7,0.5,0.1,0.0,48.599999999999994
5,0,0.9,0.9,0.5,0.1,0.0,44.99999999999999
5,1,0.25,0.2,0.0,0.2,0.1,65.8
5,1,0.25,0.45,0.0,0.2,0.1,61.3
5,1,0.25,0.7,0.0,0.2,0.1,56.8
5,1,0.25,0.9,0.0,0.2,0.1,53.199999999999996
5,1,0.5,0.2,0.0,0.2,0.1,59.8
5,1,0.5,0.45,0.0,0.2,0.1,55.3
5,1,0.5,0.7,0.0,0.2,0.1,50.8
5,1,0.5,0.9,0.0,0.2,0.1,47.199999999999996
5,1,0.75,0.2,0.0,0.2,0.1,53.8
5,1,0.75,0.45,0.0,0.2,0.1,49.3
5,1,0.75,0.7,0.0,0.2,0.1,44.8
5,1,0.75,0.9,0.0,0.2,0.1,41.199999999999996
5,1,0.9,0.2,0.0,0.2,0.1,50.199999999999996
5,1,0.9,0.45,0.0,0.2,0.1,45.699999999999996
5,1,0.9,0.7,0.0,0.2,0.1,41.199999999999996
5,1,0.9,0.9,0.0,0.2,0.1,37.599999999999994
5,2,0.25,0.2,0.5,0.3,0.2,78.4
5,2,0.25,0.45,0.5,0.3,0.2,73.9
5,2,0.25,0.7,0.5,0.3,0.2,69.39999999999999
5,2,0.25,0.9,0.5,0.3,0.2,65.8
5,2,0.5,0.2,0.5,0.3,0.2,72.4
5,2,0.5,0.45,0.5,0.3,0.2,67.89999999999999
5,2,0.5,0.7,0.5,0.3,0.2,63.4
5,2,0.5,0.9,0.5,0.3,0.2,59.8
5,2,0.75,0.2,0.5,0.3,0.2,66.39999999999999
5,2,0.75,0.45,0.5,0.3,0.2,61.9
5,2,0.75,0.7,0.5,0.3,0.2,57.4
5,2,0.75,0.9,0.5,0.3,0.2,53.8
5,2,0.9,0.2,0.5,0.3,0.2,62.8
5,2,0.9,0.45,0.5,0.3,0.2,58.3
5,2,0.9,0.7,0.5,0.3,0.2,53.8
5,2,0.9,0.9,0.5,0.3,0.2,50.199999999999996
5,3,0.25,0.2,0.0,0.0,0.3,67.8
5,3,0.25,0.45,0.0,0.0,0.3,63.3
5,3,0.25,0.7,0.0,0.0,0.3,58.8
5,3,0.25,0.9,0.0,0.0,0.3,55.199999999999996
5,3,0.5,0.2,0.0,0.0,0.3,61.8
5,3,0.5,0.45,0.0,0.0,0.3,57.3
5,3,0.5,0.7,0.0,0.0,0.3,52.8
5,3,0.5,0.9,0.0,0.0,0.3,49.199999999999996
5,3,0.75,0.2,0.0,0.0,0.3,55.8
5,3,0.75,0.45,0.0,0.0,0.3,51.3
5,3,0.75,0.7,0.0,0.0,0.3,46.8
5,3,0.75,0.9,0.0,0.0,0.3,43.199999999999996
5,3,0.9,0.2,0.0,0.0,0.3,52.199999999999996
5,3,0.9,0.45,0.0,0.0,0.3,47.699999999999996
5,3,0.9,0.7,0.0,0.0,0.3,43.199999999999996
5,3,0.9,0.9,0.0,0.0,0.3,39.599999999999994
5,4,0.25,0.2,0.5,0.1,0.4,80.4
5,4,0.25,0.45,0.5,0.1,0.4,75.9
5,4,0.25,0.7,0.5,0.1,0.4,71.4
5,4,0.25,0.9,0.5,0.1,0.4,67.8
5,4,0.5,0.2,0.5,0.1,0.4,74.4
5,4,0.5,0.45,0.5,0.1,0.4,69.89999999999999
5,4,0.5,0.7,0.5,0.1,0.4,65.39999999999999
5,4,0.5,0.9,0.5,0.1,0.4,61.8
5,4,0.75,0.2,0.5,0.1,0.4,68.39999999999999
5,4,0.75,0.45,0.5,0.1,0.4,63.9
5,4,0.75,0.7,0.5,0.1,0.4,59.4
5,4,0.75,0.9,0.5,0.1,0.4,55.8
5,4,0.9,0.2,0.5,0.1,0.4,64.8
5,4,0.9,0.45,0.5,0.1,0.4,60.3
5,4,0.9,0.7,0.5,0.1,0.4,55.8
5,4,0.9,0.9,0.5,0.1,0.4,52.199999999999996
5,5,0.25,0.2,0.0,0.2,0.0,64.0
5,5,0.25,0.45,0.0,0.2,0.0,59.5
5,5,0.25,0.7,0.0,0.2,0.0,55.0
5,5,0.25,0.9,0.0,0.2,0.0,51.4
5,5,0.5,0.2,0.0,0.2,0.0,58.0
5,5,0.5,0.45,0.0,0.2,0.0,53.5
5,5,0.5,0.7,0.0,0.2,0.0,49.0
5,5,0.5,0.9,0.0,0.2,0.0,45.4
5,5,0.75,0.2,0.0,0.2,0.0,52.0
5,5,0.75,0.45,0.0,0.2,0.0,47.5
5,5,0.75,0.7,0.0,0.2,0.0,43.0
5,5,0.75,0.9,0.0,0.2,0.0,39.4
5,5,0.9,0.2,0.0,0.2,0.0,48.4
5,5,0.9,0.45,0.0,0.2,0.0,43.9
5,5,0.9,0.7,0.0,0.2,0.0,39.4
5,5,0.9,0.9,0.0,0.2,0.0,35.8
5,6,0.25,0.2,0.5,0.3,0.1,76.60000000000001
5,6,0.25,0.45,0.5,0.3,0.1,72.10000000000001
5,6,0.25,0.7,0.5,0.3,0.1,67.6
5,6,0.25,0.9,0.5,0.3,0.1,63.99999999999999
5,6,0.5,0.2,0.5,0.3,0.1,70.60000000000001
5,6,0.5,0.45,0.5,0.3,0.1,66.1
5,6,0.5,0.7,0.5,0.3,0.1,61.599999999999994
5,6,0.5,0.9,0.5,0.3,0.1,57.99999999999999
5,6,0.75,0.2,0.5,0.3,0.1,64.6
5,6,0.75,0.45,0.5,0.3,0.1,60.099999999999994
5,6,0.75,0.7,0.5,0.3,0.1,55.599999999999994
5,6,0.75,0.9,0.5,0.3,0.1,51.99999999999999
5,6,0.9,0.2,0.5,0.3,0.1,60.99999999999999
5,6,0.9,0.45,0.5,0.3,0.1,56.49999999999999
5,6,0.9,0.7,0.5,0.3,0.1,51.99999999999999
5,6,0.9,0.9,0.5,0.3,0.1,48.39999999999999
6,0,0.25,0.2,0.8,0.2,0.2,53.6
6,0,0.25,0.45,0.8,0.2,0.2,49.1
6,0,0.25,0.7,0.8,0.2,0.2,44.6
6,0,0.25,0.9,0.8,0.2,0.2,41.0
6,0,0.5,0.2,0.8,0.2,0.2,47.6
6,0,0.5,0.45,0.8,0.2,0.2,43.1
6,0,0.5,0.7,0.8,0.2,0.2,38.6
6,0,0.5,0.9,0.8,0.2,0.2,35.0
6,0,0.75,0.2,0.8,0.2,0.2,41.6
6,0,0.75,0.45,0.8,0.2,0.2,37.1
6,0,0.75,0.7,0.8,0.2,0.2,32.6
6,0,0.75,0.9,0.8,0.2,0.2,29.000000000000004
6,0,0.9,0.2,0.8,0.2,0.2,38.0
6,0,0.9,0.45,0.8,0.2,0.2,33.5
6,0,0.9,0.7,0.8,0.2,0.2,29.000000000000004
6,0,0.9,0.9,0.8,0.2,0.2,25.400000000000002
6,1,0.25,0.2,0.3,0.3,0.3,46.199999999999996
6,1,0.25,0.45,0.3,0.3,0.3,41.699999999999996
6,1,0.25,0.7,0.3,0.3,0.3,37.199999999999996
6,1,0.25,0.9,0.3,0.3,0.3,33.6
6,1,0.5,0.2,0.3,0.3,0.3,40.199999999999996
6,1,0.5,0.45,0.3,0.3,0.3,35.699999999999996
6,1,0.5,0.7,0.3,0.3,0.3,31.199999999999996
6,1,0.5,0.9,0.3,0.3,0.3,27.599999999999994
6,1,0.75,0.2,0.3,0.3,0.3,34.199999999999996
6,1,0.75,0.45,0.3,0.3,0.3,29.699999999999996
6,1,0.75,0.7,0.3,0.3,0.3,25.199999999999996
6,1,0.75,0.9,0.3,0.3,0.3,21.599999999999998
6,1,0.9,0.2,0.3,0.3,0.3,30.599999999999998
6,1,0.9,0.45,0.3,0.3,0.3,26.099999999999998
6,1,0.9,0.7,0.3,0.3,0.3,21.599999999999998
6,1,0.9,0.9,0.3,0.3,0.3,18.0
6,2,0.25,0.2,0.8,0.0,0.4,55.6
6,2,0.25,0.45,0.8,0.0,0.4,51.1
6,2,0.25,0.7,0.8,0.0,0.4,46.6
6,2,0.25,0.9,0.8,0.0,0.4,43.0
6,2,0.5,0.2,0.8,0.0,0.4,49.6
6,2,0.5,0.45,0.8,0.0,0.4,45.1
6,2,0.5,0.7,0.8,0.0,0.4,40.6
6,2,0.5,0.9,0.8,0.0,0.4,37.0
6,2,0.75,0.2,0.8,0.0,0.4,43.6
6,2,0.75,0.45,0.8,0.0,0.4,39.1
6,2,0.75,0.7,0.8,0.0,0.4,34.6
6,2,0.75,0.9,0.8,0.0,0.4,31.0
6,2,0.9,0.2,0.8,0.0,0.4,40.0
6,2,0.9,0.45,0.8,0.0,0.4,35.5
6,2,0.9,0.7,0.8,0.0,0.4,31.0
6,2,0.9,0.9,0.8,0.0,0.4,27.4
6,3,0.25,0.2,0.3,0.1,0.0,39.199999999999996
6,3,0.25,0.45,0.3,0.1,0.0,34.699999999999996
6,3,0.25,0.7,0.3,0.1,0.0,30.2
6,3,0.25,0.9,0.3,0.1,0.0,26.6
6,3,0.5,0.2,0.3,0.1,0.0,33.199999999999996
6,3,0.5,0.45,0.3,0.1,0.0,28.7
6,3,0.5,0.7,0.3,0.1,0.0,24.2
6,3,0.5,0.9,0.3,0.1,0.0,20.599999999999998
6,3,0.75,0.2,0.3,0.1,0.0,27.2
6,3,0.75,0.45,0.3,0.1,0.0,22.7
6,3,0.75,0.7,0.3,0.1,0.0,18.2
6,3,0.75,0.9,0.3,0.1,0.0,14.600000000000001
6,3,0.9,0.2,0.3,0.1,0.0,23.6
6,3,0.9,0.45,0.3,0.1,0.0,19.1
6,3,0.9,0.7,0.3,0.1,0.0,14.600000000000001
6,3,0.9,0.9,0.3,0.1,0.0,11.0
6,4,0.25,0.2,0.8,0.2,0.1,51.8
6,4,0.25,0.45,0.8,0.2,0.1,47.3
6,4,0.25,0.7,0.8,0.2,0.1,42.8
6,4,0.25,0.9,0.8,0.2,0.1,39.199999999999996
6,4,0.5,0.2,0.8,0.2,0.1,45.8
6,4,0.5,0.45,0.8,0.2,0.1,41.3
6,4,0.5,0.7,0.8,0.2,0.1,36.8
6,4,0.5,0.9,0.8,0.2,0.1,33.199999999999996
6,4,0.75,0.2,0.8,0.2,0.1,39.8
6,4,0.75,0.45,0.8,0.2,0.1,35.3
6,4,0.75,0.7,0.8,0.2,0.1,30.8
6,4,0.75,0.9,0.8,0.2,0.1,27.200000000000003
6,4,0.9,0.2,0.8,0.2,0.1,36.199999999999996
6,4,0.9,0.45,0.8,0.2,0.1,31.700000000000003
6,4,0.9,0.7,0.8,0.2,0.1,27.200000000000003
6,4,0.9,0.9,0.8,0.2,0.1,23.6
6,5,0.25,0.2,0.3,0.3,0.2,44.4
6,5,0.25,0.45,0.3,0.3,0.2,39.9
6,5,0.25,0.7,0.3,0.3,0.2,35.4
6,5,0.25,0.9,0.3,0.3,0.2,31.8
6,5,0.5,0.2,0.3,0.3,0.2,38.4
6,5,0.5,0.45,0.3,0.3,0.2,33.9
6,5,0.5,0.7,0.3,0.3,0.2,29.4
6,5,0.5,0.9,0.3,0.3,0.2,25.799999999999997
6,5,0.75,0.2,0.3,0.3,0.2,32.4
6,5,0.75,0.45,0.3,0.3,0.2,27.9
6,5,0.75,0.7,0.3,0.3,0.2,23.4
6,5,0.75,0.9,0.3,0.3,0.2,19.8
6,5,0.9,0.2,0.3,0.3,0.2,28.8
6,5,0.9,0.45,0.3,0.3,0.2,24.3
6,5,0.9,0.7,0.3,0.3,0.2,19.8
6,5,0.9,0.9,0.3,0.3,0.2,16.2
6,6,0.25,0.2,0.8,0.0,0.3,53.8
6,6,0.25,0.45,0.8,0.0,0.3,49.3
6,6,0.25,0.7,0.8,0.0,0.3,44.8
6,6,0.25,0.9,0.8,0.0,0.3,41.199999999999996
6,6,0.5,0.2,0.8,0.0,0.3,47.8
6,6,0.5,0.45,0.8,0.0,0.3,43.3
6,6,0.5,0.7,0.8,0.0,0.3,38.8
6,6,0.5,0.9,0.8,0.0,0.3,35.199999999999996
6,6,0.75,0.2,0.8,0.0,0.3,41.8
6,6,0.75,0.45,0.8,0.0,0.3,37.3
6,6,0.75,0.7,0.8,0.0,0.3,32.8
6,6,0.75,0.9,0.8,0.0,0.3,29.2
6,6,0.9,0.2,0.8,0.0,0.3,38.199999999999996
6,6,0.9,0.45,0.8,0.0,0.3,33.7
6,6,0.9,0.7,0.8,0.0,0.3,29.2
6,6,0.9,0.9,0.8,0.0,0.3,25.599999999999998
7,0,0.25,0.2,0.1,0.3,0.4,44.0
7,0,0.25,0.45,0.1,0.3,0.4,39.5
7,0,0.25,0.7,0.1,0.3,0.4,35.0
7,0,0.25,0.9,0.1,0.3,0.4,31.4
7,0,0.5,0.2,0.1,0.3,0.4,38.0
7,0,0.5,0.45,0.1,0.3,0.4,33.5
7,0,0.5,0.7,0.1,0.3,0.4,28.999999999999996
7,0,0.5,0.9,0.1,0.3,0.4,25.4
7,0,0.75,0.2,0.1,0.3,0.4,31.999999999999996
7,0,0.75,0.45,0.1,0.3,0.4,27.499999999999996
7,0,0.75,0.7,0.1,0.3,0.4,23.0
7,0,0.75,0.9,0.1,0.3,0.4,19.400000000000002
7,0,0.9,0.2,0.1,0.3,0.4,28.4
7,0,0.9,0.45,0.1,0.3,0.4,23.9
7,0,0.9,0.7,0.1,0.3,0.4,19.400000000000002
7,0,0.9,0.9,0.1,0.3,0.4,15.8
7,1,0.25,0.2,0.6,0.0,0.0,44.4
7,1,0.25,0.45,0.6,0.0,0.0,39.9
7,1,0.25,0.7,0.6,0.0,0.0,35.4
7,1,0.25,0.9,0.6,0.0,0.0,31.8
7,1,0.5,0.2,0.6,0.0,0.0,38.4
7,1,0.5,0.45,0.6,0.0,0.0,33.9
7,1,0.5,0.7,0.6,0.0,0.0,29.4
7,1,0.5,0.9,0.6,0.0,0.0,25.799999999999997
7,1,0.75,0.2,0.6,0.0,0.0,32.4
7,1,0.75,0.45,0.6,0.0,0.0,27.9
7,1,0.75,0.7,0.6,0.0,0.0,23.4
7,1,0.75,0.9,0.6,0.0,0.0,19.8
7,1,0.9,0.2,0.6,0.0,0.0,28.8
7,1,0.9,0.45,0.6,0.0,0.0,24.3
7,1,0.9,0.7,0.6,0.0,0.0,19.8
7,1,0.9,0.9,0.6,0.0,0.0,16.2
7,2,0.25,0.2,0.1,0.1,0.1,36.99999999999999
7,2,0.25,0.45,0.1,0.1,0.1,32.5
7,2,0.25,0.7,0.1,0.1,0.1,28.0
7,2,0.25,0.9,0.1,0.1,0.1,24.400000000000002
7,2,0.5,0.2,0.1,0.1,0.1,31.0
7,2,0.5,0.45,0.1,0.1,0.1,26.5
7,2,0.5,0.7,0.1,0.1,0.1,22.0
7,2,0.5,0.9,0.1,0.1,0.1,18.4
7,2,0.75,0.2,0.1,0.1,0.1,25.0
7,2,0.75,0.45,0.1,0.1,0.1,20.5
7,2,0.75,0.7,0.1,0.1,0.1,16.0
7,2,0.75,0.9,0.1,0.1,0.1,12.400000000000002
7,2,0.9,0.2,0.1,0.1,0.1,21.400000000000002
7,2,0.9,0.45,0.1,0.1,0.1,16.900000000000002
7,2,0.9,0.7,0.1,0.1,0.1,12.400000000000002
7,2,0.9,0.9,0.1,0.1,0.1,8.799999999999999
7,3,0.25,0.2,0.6,0.2,0.2,49.6
7,3,0.25,0.45,0.6,0.2,0.2,45.1
7,3,0.25,0.7,0.6,0.2,0.2,40.6
7,3,0.25,0.9,0.6,0.2,0.2,37.0
7,3,0.5,0.2,0.6,0.2,0.2,43.6
7,3,0.5,0.45,0.6,0.2,0.2,39.1
7,3,0.5,0.7,0.6,0.2,0.2,34.6
7,3,0.5,0.9,0.6,0.2,0.2,31.0
7,3,0.75,0.2,0.6,0.2,0.2,37.6
7,3,0.75,0.45,0.6,0.2,0.2,33.1
7,3,0.75,0.7,0.6,0.2,0.2,28.6
7,3,0.75,0.9,0.6,0.2,0.2,25.000000000000004
7,3,0.9,0.2,0.6,0.2,0.2,34.0
7,3,0.9,0.45,0.6,0.2,0.2,29.500000000000004
7,3,0.9,0.7,0.6,0.2,0.2,25.000000000000004
7,3,0.9,0.9,0.6,0.2,0.2,21.400000000000002
7,4,0.25,0.2,0.1,0.3,0.3,42.199999999999996
7,4,0.25,0.45,0.1,0.3,0.3,37.699999999999996
7,4,0.25,0.7,0.1,0.3,0.3,33.199999999999996
7,4,0.25,0.9,0.1,0.3,0.3,29.599999999999998
7,4,0.5,0.2,0.1,0.3,0.3,36.199999999999996
7,4,0.5,0.45,0.1,0.3,0.3,31.699999999999996
7,4,0.5,0.7,0.1,0.3,0.3,27.199999999999996
7,4,0.5,0.9,0.1,0.3,0.3,23.599999999999998
7,4,0.75,0.2,0.1,0.3,0.3,30.199999999999996
7,4,0.75,0.45,0.1,0.3,0.3,25.699999999999996
7,4,0.75,0.7,0.1,0.3,0.3,21.2
7,4,0.75,0.9,0.1,0.3,0.3,17.6
7,4,0.9,0.2,0.1,0.3,0.3,26.599999999999998
7,4,0.9,0.45,0.1,0.3,0.3,22.099999999999998
7,4,0.9,0.7,0.1,0.3,0.3,17.6
7,4,0.9,0.9,0.1,0.3,0.3,14.0
7,5,0.25,0.2,0.6,0.0,0.4,51.6
7,5,0.25,0.45,0.6,0.0,0.4,47.1
7,5,0.25,0.7,0.6,0.0,0.4,42.6
7,5,0.25,0.9,0.6,0.0,0.4,39.0
7,5,0.5,0.2,0.6,0.0,0.4,45.6
7,5,0.5,0.45,0.6,0.0,0.4,41.1
7,5,0.5,0.7,0.6,0.0,0.4,36.6
7,5,0.5,0.9,0.6,0.0,0.4,33.0
7,5,0.75,0.2,0.6,0.0,0.4,39.6
7,5,0.75,0.45,0.6,0.0,0.4,35.1
7,5,0.75,0.7,0.6,0.0,0.4,30.599999999999998
7,5,0.75,0.9,0.6,0.0,0.4,27.0
7,5,0.9,0.2,0.6,0.0,0.4,36.0
7,5,0.9,0.45,0.6,0.0,0.4,31.5
7,5,0.9,0.7,0.6,0.0,0.4,27.0
7,5,0.9,0.9,0.6,0.0,0.4,23.4
7,6,0.25,0.2,0.1,0.1,0.0,35.199999999999996
7,6,0.25,0.45,0.1,0.1,0.0,30.7
7,6,0.25,0.7,0.1,0.1,0.0,26.2
7,6,0.25,0.9,0.1,0.1,0.0,22.6
7,6,0.5,0.2,0.1,0.1,0.0,29.2
7,6,0.5,0.45,0.1,0.1,0.0,24.7
7,6,0.5,0.7,0.1,0.1,0.0,20.2
7,6,0.5,0.9,0.1,0.1,0.0,16.599999999999998
7,6,0.75,0.2,0.1,0.1,0.0,23.2
7,6,0.75,0.45,0.1,0.1,0.0,18.7
7,6,0.75,0.7,0.1,0.1,0.0,14.200000000000001
7,6,0.75,0.9,0.1,0.1,0.0,10.600000000000001
7,6,0.9,0.2,0.1,0.1,0.0,19.6
7,6,0.9,0.45,0.1,0.1,0.0,15.100000000000001
7,6,0.9,0.7,0.1,0.1,0.0,10.600000000000001
7,6,0.9,0.9,0.1,0.1,0.0,6.999999999999999
8,0,0.25,0.2,0.4,0.0,0.1,42.199999999999996
8,0,0.25,0.45,0.4,0.0,0.1,37.699999999999996
8,0,0.25,0.7,0.4,0.0,0.1,33.199999999999996
8,0,0.25,0.9,0.4,0.0,0.1,29.6
8,0,0.5,0.2,0.4,0.0,0.1,36.199999999999996
8,0,0.5,0.45,0.4,0.0,0.1,31.7
8,0,0.5,0.7,0.4,0.0,0.1,27.2
8,0,0.5,0.9,0.4,0.0,0.1,23.599999999999998
8,0,0.75,0.2,0.4,0.0,0.1,30.2
8,0,0.75,0.45,0.4,0.0,0.1,25.7
8,0,0.75,0.7,0.4,0.0,0.1,21.2
8,0,0.75,0.9,0.4,0.0,0.1,17.6
8,0,0.9,0.2,0.4,0.0,0.1,26.6
8,0,0.9,0.45,0.4,0.0,0.1,22.1
8,0,0.9,0.7,0.4,0.0,0.1,17.6
8,0,0.9,0.9,0.4,0.0,0.1,14.0
8,1,0.25,0.2,0.9,0.1,0.2,54.8
8,1,0.25,0.45,0.9,0.1,0.2,50.3
8,1,0.25,0.7,0.9,0.1,0.2,45.8
8,1,0.25,0.9,0.9,0.1,0.2,42.199999999999996
8,1,0.5,0.2,0.9,0.1,0.2,48.8
8,1,0.5,0.45,0.9,0.1,0.2,44.3
8,1,0.5,0.7,0.9,0.1,0.2,39.8
8,1,0.5,0.9,0.9,0.1,0.2,36.199999999999996
8,1,0.75,0.2,0.9,0.1,0.2,42.8
8,1,0.75,0.45,0.9,0.1,0.2,38.3
8,1,0.75,0.7,0.9,0.1,0.2,33.8
8,1,0.75,0.9,0.9,0.1,0.2,30.200000000000003
8,1,0.9,0.2,0.9,0.1,0.2,39.199999999999996
8,1,0.9,0.45,0.9,0.1,0.2,34.7
8,1,0.9,0.7,0.9,0.1,0.2,30.200000000000003
8,1,0.9,0.9,0.9,0.1,0.2,26.6
8,2,0.25,0.2,0.4,0.2,0.3,47.4
8,2,0.25,0.45,0.4,0.2,0.3,42.9
8,2,0.25,0.7,0.4,0.2,0.3,38.4
8,2,0.25,0.9,0.4,0.2,0.3,34.800000000000004
8,2,0.5,0.2,0.4,0.2,0.3,41.4
8,2,0.5,0.45,0.4,0.2,0.3,36.9
8,2,0.5,0.7,0.4,0.2,0.3,32.4
8,2,0.5,0.9,0.4,0.2,0.3,28.799999999999997
8,2,0.75,0.2,0.4,0.2,0.3,35.4
8,2,0.75,0.45,0.4,0.2,0.3,30.9
8,2,0.75,0.7,0.4,0.2,0.3,26.4
8,2,0.75,0.9,0.4,0.2,0.3,22.8
8,2,0.9,0.2,0.4,0.2,0.3,31.8
8,2,0.9,0.45,0.4,0.2,0.3,27.3
8,2,0.9,0.7,0.4,0.2,0.3,22.8
8,2,0.9,0.9,0.4,0.2,0.3,19.2
8,3,0.25,0.2,0.9,0.3,0.4,60.0
8,3,0.25,0.45,0.9,0.3,0.4,55.5
8,3,0.25,0.7,0.9,0.3,0.4,51.0
8,3,0.25,0.9,0.9,0.3,0.4,47.4
8,3,0.5,0.2,0.9,0.3,0.4,54.0
8,3,0.5,0.45,0.9,0.3,0.4,49.5
8,3,0.5,0.7,0.9,0.3,0.4,45.0
8,3,0.5,0.9,0.9,0.3,0.4,41.4
8,3,0.75,0.2,0.9,0.3,0.4,48.0
8,3,0.75,0.45,0.9,0.3,0.4,43.5
8,3,0.75,0.7,0.9,0.3,0.4,39.0
8,3,0.75,0.9,0.9,0.3,0.4,35.4
8,3,0.9,0.2,0.9,0.3,0.4,44.4
8,3,0.9,0.45,0.9,0.3,0.4,39.900000000000006
8,3,0.9,0.7,0.9,0.3,0.4,35.4
8,3,0.9,0.9,0.9,0.3,0.4,31.799999999999997
8,4,0.25,0.2,0.4,0.0,0.0,40.4
8,4,0.25,0.45,0.4,0.0,0.0,35.9
8,4,0.25,0.7,0.4,0.0,0.0,31.4
8,4,0.25,0.9,0.4,0.0,0.0,27.8
8,4,0.5,0.2,0.4,0.0,0.0,34.4
8,4,0.5,0.45,0.4,0.0,0.0,29.9
8,4,0.5,0.7,0.4,0.0,0.0,25.4
8,4,0.5,0.9,0.4,0.0,0.0,21.799999999999997
8,4,0.75,0.2,0.4,0.0,0.0,28.4
8,4,0.75,0.45,0.4,0.0,0.0,23.9
8,4,0.75,0.7,0.4,0.0,0.0,19.4
8,4,0.75,0.9,0.4,0.0,0.0,15.8
8,4,0.9,0.2,0.4,0.0,0.0,24.8
8,4,0.9,0.45,0.4,0.0,0.0,20.3
8,4,0.9,0.7,0.4,0.0,0.0,15.8
8,4,0.9,0.9,0.4,0.0,0.0,12.2
8,5,0.25,0.2,0.9,0.1,0.1,52.99999999999999
8,5,0.25,0.45,0.9,0.1,0.1,48.49999999999999
8,5,0.25,0.7,0.9,0.1,0.1,43.99999999999999
8,5,0.25,0.9,0.9,0.1,0.1,40.39999999999999
8,5,0.5,0.2,0.9,0.1,0.1,46.99999999999999
8,5,0.5,0.45,0.9,0.1,0.1,42.49999999999999
8,5,0.5,0.7,0.9,0.1,0.1,37.99999999999999
8,5,0.5,0.9,0.9,0.1,0.1,34.39999999999999
8,5,0.75,0.2,0.9,0.1,0.1,40.99999999999999
8,5,0.75,0.45,0.9,0.1,0.1,36.49999999999999
8,5,0.75,0.7,0.9,0.1,0.1,32.0
8,5,0.75,0.9,0.9,0.1,0.1,28.400000000000002
8,5,0.9,0.2,0.9,0.1,0.1,37.39999999999999
8,5,0.9,0.45,0.9,0.1,0.1,32.9
8,5,0.9,0.7,0.9,0.1,0.1,28.400000000000002
8,5,0.9,0.9,0.9,0.1,0.1,24.8
8,6,0.25,0.2,0.4,0.2,0.2,45.6
8,6,0.25,0.45,0.4,0.2,0.2,41.1
8,6,0.25,0.7,0.4,0.2,0.2,36.6
8,6,0.25,0.9,0.4,0.2,0.2,33.0
8,6,0.5,0.2,0.4,0.2,0.2,39.6
8,6,0.5,0.45,0.4,0.2,0.2,35.1
8,6,0.5,0.7,0.4,0.2,0.2,30.6
8,6,0.5,0.9,0.4,0.2,0.2,27.0
8,6,0.75,0.2,0.4,0.2,0.2,33.6
8,6,0.75,0.45,0.4,0.2,0.2,29.1
8,6,0.75,0.7,0.4,0.2,0.2,24.6
8,6,0.75,0.9,0.4,0.2,0.2,21.000000000000004
8,6,0.9,0.2,0.4,0.2,0.2,30.000000000000004
8,6,0.9,0.45,0.4,0.2,0.2,25.500000000000004
8,6,0.9,0.7,0.4,0.2,0.2,21.000000000000004
8,6,0.9,0.9,0.4,0.2,0.2,17.4
9,0,0.25,0.2,0.7,0.1,0.3,52.599999999999994
9,0,0.25,0.45,0.7,0.1,0.3,48.099999999999994
9,0,0.25,0.7,0.7,0.1,0.3,43.599999999999994
9,0,0.25,0.9,0.7,0.1,0.3,39.99999999999999
9,0,0.5,0.2,0.7,0.1,0.3,46.599999999999994
9,0,0.5,0.45,0.7,0.1,0.3,42.099999999999994
9,0,0.5,0.7,0.7,0.1,0.3,37.599999999999994
9,0,0.5,0.9,0.7,0.1,0.3,34.0
9,0,0.75,0.2,0.7,0.1,0.3,40.599999999999994
9,0,0.75,0.45,0.7,0.1,0.3,36.1
9,0,0.75,0.7,0.7,0.1,0.3,31.599999999999998
9,0,0.75,0.9,0.7,0.1,0.3,28.0
9,0,0.9,0.2,0.7,0.1,0.3,37.0
9,0,0.9,0.45,0.7,0.1,0.3,32.5
9,0,0.9,0.7,0.7,0.1,0.3,28.0
9,0,0.9,0.9,0.7,0.1,0.3,24.4
9,1,0.25,0.2,0.2,0.2,0.4,45.2
9,1,0.25,0.45,0.2,0.2,0.4,40.7
9,1,0.25,0.7,0.2,0.2,0.4,36.2
9,1,0.25,0.9,0.2,0.2,0.4,32.6
9,1,0.5,0.2,0.2,0.2,0.4,39.2
9,1,0.5,0.45,0.2,0.2,0.4,34.7
9,1,0.5,0.7,0.2,0.2,0.4,30.2
9,1,0.5,0.9,0.2,0.2,0.4,26.599999999999998
9,1,0.75,0.2,0.2,0.2,0.4,33.2
9,1,0.75,0.45,0.2,0.2,0.4,28.7
9,1,0.75,0.7,0.2,0.2,0.4,24.2
9,1,0.75,0.9,0.2,0.2,0.4,20.6
9,1,0.9,0.2,0.2,0.2,0.4,29.6
9,1,0.9,0.45,0.2,0.2,0.4,25.1
9,1,0.9,0.7,0.2,0.2,0.4,20.6
9,1,0.9,0.9,0.2,0.2,0.4,17.0
9,2,0.25,0.2,0.7,0.3,0.0,48.8
9,2,0.25,0.45,0.7,0.3,0.0,44.3
9,2,0.25,0.7,0.7,0.3,0.0,39.8
9,2,0.25,0.9,0.7,0.3,0.0,36.199999999999996
9,2,0.5,0.2,0.7,0.3,0.0,42.8
9,2,0.5,0.45,0.7,0.3,0.0,38.3
9,2,0.5,0.7,0.7,0.3,0.0,33.8
9,2,0.5,0.9,0.7,0.3,0.0,30.199999999999996
9,2,0.75,0.2,0.7,0.3,0.0,36.8
9,2,0.75,0.45,0.7,0.3,0.0,32.3
9,2,0.75,0.7,0.7,0.3,0.0,27.799999999999997
9,2,0.75,0.9,0.7,0.3,0.0,24.2
9,2,0.9,0.2,0.7,0.3,0.0,33.2
9,2,0.9,0.45,0.7,0.3,0.0,28.7
9,2,0.9,0.7,0.7,0.3,0.0,24.2
9,2,0.9,0.9,0.7,0.3,0.0,20.599999999999998
9,3,0.25,0.2,0.2,0.0,0.1,38.199999999999996
9,3,0.25,0.45,0.2,0.0,0.1,33.699999999999996
9,3,0.25,0.7,0.2,0.0,0.1,29.2
9,3,0.25,0.9,0.2,0.0,0.1,25.6
9,3,0.5,0.2,0.2,0.0,0.1,32.199999999999996
9,3,0.5,0.45,0.2,0.0,0.1,27.7
9,3,0.5,0.7,0.2,0.0,0.1,23.2
9,3,0.5,0.9,0.2,0.0,0.1,19.599999999999998
9,3,0.75,0.2,0.2,0.0,0.1,26.2
9,3,0.75,0.45,0.2,0.0,0.1,21.7
9,3,0.75,0.7,0.2,0.0,0.1,17.2
9,3,0.75,0.9,0.2,0.0,0.1,13.600000000000001
9,3,0.9,0.2,0.2,0.0,0.1,22.6
9,3,0.9,0.45,0.2,0.0,0.1,18.1
9,3,0.9,0.7,0.2,0.0,0.1,13.600000000000001
9,3,0.9,0.9,0.2,0.0,0.1,10.0
9,4,0.25,0.2,0.7,0.1,0.2,50.8
9,4,0.25,0.45,0.7,0.1,0.2,46.3
9,4,0.25,0.7,0.7,0.1,0.2,41.8
9,4,0.25,0.9,0.7,0.1,0.2,38.199999999999996
9,4,0.5,0.2,0.7,0.1,0.2,44.8
9,4,0.5,0.45,0.7,0.1,0.2,40.3
9,4,0.5,0.7,0.7,0.1,0.2,35.8
9,4,0.5,0.9,0.7,0.1,0.2,32.199999999999996
9,4,0.75,0.2,0.7,0.1,0.2,38.8
9,4,0.75,0.45,0.7,0.1,0.2,34.3
9,4,0.75,0.7,0.7,0.1,0.2,29.8
9,4,0.75,0.9,0.7,0.1,0.2,26.200000000000003
9,4,0.9,0.2,0.7,0.1,0.2,35.2
9,4,0.9,0.45,0.7,0.1,0.2,30.700000000000003
9,4,0.9,0.7,0.7,0.1,0.2,26.200000000000003
9,4,0.9,0.9,0.7,0.1,0.2,22.6
9,5,0.25,0.2,0.2,0.2,0.3,43.4
9,5,0.25,0.45,0.2,0.2,0.3,38.9
9,5,0.25,0.7,0.2,0.2,0.3,34.4
9,5,0.25,0.9,0.2,0.2,0.3,30.8
9,5,0.5,0.2,0.2,0.2,0.3,37.4
9,5,0.5,0.45,0.2,0.2,0.3,32.9
9,5,0.5,0.7,0.2,0.2,0.3,28.4
9,5,0.5,0.9,0.2,0.2,0.3,24.799999999999997
9,5,0.75,0.2,0.2,0.2,0.3,31.4
9,5,0.75,0.45,0.2,0.2,0.3,26.9
9,5,0.75,0.7,0.2,0.2,0.3,22.4
9,5,0.75,0.9,0.2,0.2,0.3,18.8
9,5,0.9,0.2,0.2,0.2,0.3,27.8
9,5,0.9,0.45,0.2,0.2,0.3,23.3
9,5,0.9,0.7,0.2,0.2,0.3,18.8
9,5,0.9,0.9,0.2,0.2,0.3,15.2
9,6,0.25,0.2,0.7,0.3,0.4,56.0
9,6,0.25,0.45,0.7,0.3,0.4,51.5
9,6,0.25,0.7,0.7,0.3,0.4,47.0
9,6,0.25,0.9,0.7,0.3,0.4,43.4
9,6,0.5,0.2,0.7,0.3,0.4,50.0
9,6,0.5,0.45,0.7,0.3,0.4,45.5
9,6,0.5,0.7,0.7,0.3,0.4,41.0
9,6,0.5,0.9,0.7,0.3,0.4,37.4
9,6,0.75,0.2,0.7,0.3,0.4,44.0
9,6,0.75,0.45,0.7,0.3,0.4,39.5
9,6,0.75,0.7,0.7,0.3,0.4,35.0
9,6,0.75,0.9,0.7,0.3,0.4,31.4
9,6,0.9,0.2,0.7,0.3,0.4,40.400000000000006
9,6,0.9,0.45,0.7,0.3,0.4,35.9
9,6,0.9,0.7,0.7,0.3,0.4,31.4
9,6,0.9,0.9,0.7,0.3,0.4,27.799999999999997
10,0,0.25,0.2,0.0,0.2,0.0,34.0
10,0,0.25,0.45,0.0,0.2,0.0,29.5
10,0,0.25,0.7,0.0,0.2,0.0,25.0
10,0,0.25,0.9,0.0,0.2,0.0,21.400000000000002
10,0,0.5,0.2,0.0,0.2,0.0,28.0
10,0,0.5,0.45,0.0,0.2,0.0,23.5
10,0,0.5,0.7,0.0,0.2,0.0,19.0
10,0,0.5,0.9,0.0,0.2,0.0,15.399999999999999
10,0,0.75,0.2,0.0,0.2,0.0,22.0
10,0,0.75,0.45,0.0,0.2,0.0,17.5
10,0,0.75,0.7,0.0,0.2,0.0,13.0
10,0,0.75,0.9,0.0,0.2,0.0,9.4
10,0,0.9,0.2,0.0,0.2,0.0,18.400000000000002
10,0,0.9,0.45,0.0,0.2,0.0,13.9
10,0,0.9,0.7,0.0,0.2,0.0,9.4
10,0,0.9,0.9,0.0,0.2,0.0,5.799999999999999
10,1,0.25,0.2,0.5,0.3,0.1,46.599999999999994
10,1,0.25,0.45,0.5,0.3,0.1,42.099999999999994
10,1,0.25,0.7,0.5,0.3,0.1,37.599999999999994
10,1,0.25,0.9,0.5,0.3,0.1,34.0
10,1,0.5,0.2,0.5,0.3,0.1,40.599999999999994
10,1,0.5,0.45,0.5,0.3,0.1,36.099999999999994
10,1,0.5,0.7,0.5,0.3,0.1,31.599999999999998
10,1,0.5,0.9,0.5,0.3,0.1,27.999999999999996
10,1,0.75,0.2,0.5,0.3,0.1,34.599999999999994
10,1,0.75,0.45,0.5,0.3,0.1,30.099999999999998
10,1,0.75,0.7,0.5,0.3,0.1,25.599999999999998
10,1,0.75,0.9,0.5,0.3,0.1,22.0
10,1,0.9,0.2,0.5,0.3,0.1,31.0
10,1,0.9,0.45,0.5,0.3,0.1,26.5
10,1,0.9,0.7,0.5,0.3,0.1,22.0
10,1,0.9,0.9,0.5,0.3,0.1,18.4
10,2,0.25,0.2,0.0,0.0,0.2,36.0
10,2,0.25,0.45,0.0,0.0,0.2,31.5
10,2,0.25,0.7,0.0,0.0,0.2,27.0
10,2,0.25,0.9,0.0,0.0,0.2,23.400000000000002
10,2,0.5,0.2,0.0,0.0,0.2,30.0
10,2,0.5,0.45,0.0,0.0,0.2,25.5
10,2,0.5,0.7,0.0,0.0,0.2,21.0
10,2,0.5,0.9,0.0,0.0,0.2,17.4
10,2,0.75,0.2,0.0,0.0,0.2,24.0
10,2,0.75,0.45,0.0,0.0,0.2,19.5
10,2,0.75,0.7,0.0,0.0,0.2,15.0
10,2,0.75,0.9,0.0,0.0,0.2,11.4
10,2,0.9,0.2,0.0,0.0,0.2,20.400000000000002
10,2,0.9,0.45,0.0,0.0,0.2,15.9
10,2,0.9,0.7,0.0,0.0,0.2,11.4
10,2,0.9,0.9,0.0,0.0,0.2,7.799999999999999
10,3,0.25,0.2,0.5,0.1,0.3,48.599999999999994
10,3,0.25,0.45,0.5,0.1,0.3,44.099999999999994
10,3,0.25,0.7,0.5,0.1,0.3,39.599999999999994
10,3,0.25,0.9,0.5,0.1,0.3,36.0
10,3,0.5,0.2,0.5,0.1,0.3,42.599999999999994
10,3,0.5,0.45,0.5,0.1,0.3,38.099999999999994
10,3,0.5,0.7,0.5,0.1,0.3,33.6
10,3,0.5,0.9,0.5,0.1,0.3,29.999999999999996
10,3,0.75,0.2,0.5,0.1,0.3,36.6
10,3,0.75,0.45,0.5,0.1,0.3,32.1
10,3,0.75,0.7,0.5,0.1,0.3,27.599999999999998
10,3,0.75,0.9,0.5,0.1,0.3,24.0
10,3,0.9,0.2,0.5,0.1,0.3,33.0
10,3,0.9,0.45,0.5,0.1,0.3,28.5
10,3,0.9,0.7,0.5,0.1,0.3,24.0
10,3,0.9,0.9,0.5,0.1,0.3,20.4
10,4,0.25,0.2,0.0,0.2,0.4,41.2
10,4,0.25,0.45,0.0,0.2,0.4,36.7
10,4,0.25,0.7,0.0,0.2,0.4,32.2
10,4,0.25,0.9,0.0,0.2,0.4,28.6
10,4,0.5,0.2,0.0,0.2,0.4,35.2
10,4,0.5,0.45,0.0,0.2,0.4,30.7
10,4,0.5,0.7,0.0,0.2,0.4,26.2
10,4,0.5,0.9,0.0,0.2,0.4,22.599999999999998
10,4,0.75,0.2,0.0,0.2,0.4,29.2
10,4,0.75,0.45,0.0,0.2,0.4,24.7
10,4,0.75,0.7,0.0,0.2,0.4,20.2
10,4,0.75,0.9,0.0,0.2,0.4,16.6
10,4,0.9,0.2,0.0,0.2,0.4,25.6
10,4,0.9,0.45,0.0,0.2,0.4,21.1
10,4,0.9,0.7,0.0,0.2,0.4,16.6
10,4,0.9,0.9,0.0,0.2,0.4,13.0
10,5,0.25,0.2,0.5,0.3,0.0,44.8
10,5,0.25,0.45,0.5,0.3,0.0,40.3
10,5,0.25,0.7,0.5,0.3,0.0,35.8
10,5,0.25,0.9,0.5,0.3,0.0,32.2
10,5,0.5,0.2,0.5,0.3,0.0,38.8
10,5,0.5,0.45,0.5,0.3,0.0,34.3
10,5,0.5,0.7,0.5,0.3,0.0,29.799999999999997
10,5,0.5,0.9,0.5,0.3,0.0,26.199999999999996
10,5,0.75,0.2,0.5,0.3,0.0,32.8
10,5,0.75,0.45,0.5,0.3,0.0,28.299999999999997
10,5,0.75,0.7,0.5,0.3,0.0,23.799999999999997
10,5,0.75,0.9,0.5,0.3,0.0,20.2
10,5,0.9,0.2,0.5,0.3,0.0,29.2
10,5,0.9,0.45,0.5,0.3,0.0,24.7
10,5,0.9,0.7,0.5,0.3,0.0,20.2
10,5,0.9,0.9,0.5,0.3,0.0,16.599999999999998
10,6,0.25,0.2,0.0,0.0,0.1,34.199999999999996
10,6,0.25,0.45,0.0,0.0,0.1,29.7
10,6,0.25,0.7,0.0,0.0,0.1,25.2
10,6,0.25,0.9,0.0,0.0,0.1,21.6
10,6,0.5,0.2,0.0,0.0,0.1,28.2
10,6,0.5,0.45,0.0,0.0,0.1,23.7
10,6,0.5,0.7,0.0,0.0,0.1,19.2
10,6,0.5,0.9,0.0,0.0,0.1,15.6
10,6,0.75,0.2,0.0,0.0,0.1,22.2
10,6,0.75,0.45,0.0,0.0,0.1,17.7
10,6,0.75,0.7,0.0,0.0,0.1,13.200000000000001
10,6,0.75,0.9,0.0,0.0,0.1,9.6
10,6,0.9,0.2,0.0,0.0,0.1,18.6
10,6,0.9,0.45,0.0,0.0,0.1,14.100000000000001
10,6,0.9,0.7,0.0,0.0,0.1,9.6
10,6,0.9,0.9,0.0,0.0,0.1,5.999999999999999
11,0,0.25,0.2,0.3,0.3,0.2,44.4
11,0,0.25,0.45,0.3,0.3,0.2,39.9
11,0,0.25,0.7,0.3,0.3,0.2,35.4
11,0,0.25,0.9,0.3,0.3,0.2,31.8
11,0,0.5,0.2,0.3,0.3,0.2,38.4
11,0,0.5,0.45,0.3,0.3,0.2,33.9
11,0,0.5,0.7,0.3,0.3,0.2,29.4
11,0,0.5,0.9,0.3,0.3,0.2,25.799999999999997
11,0,0.75,0.2,0.3,0.3,0.2,32.4
11,0,0.75,0.45,0.3,0.3,0.2,27.9
11,0,0.75,0.7,0.3,0.3,0.2,23.4
11,0,0.75,0.9,0.3,0.3,0.2,19.8
11,0,0.9,0.2,0.3,0.3,0.2,28.8
11,0,0.9,0.45,0.3,0.3,0.2,24.3
11,0,0.9,0.7,0.3,0.3,0.2,19.8
11,0,0.9,0.9,0.3,0.3,0.2,16.2
11,1,0.25,0.2,0.8,0.0,0.3,53.8
11,1,0.25,0.45,0.8,0.0,0.3,49.3
11,1,0.25,0.7,0.8,0.0,0.3,44.8
11,1,0.25,0.9,0.8,0.0,0.3,41.199999999999996
11,1,0.5,0.2,0.8,0.0,0.3,47.8
11,1,0.5,0.45,0.8,0.0,0.3,43.3
11,1,0.5,0.7,0.8,0.0,0.3,38.8
11,1,0.5,0.9,0.8,0.0,0.3,35.199999999999996
11,1,0.75,0.2,0.8,0.0,0.3,41.8
11,1,0.75,0.45,0.8,0.0,0.3,37.3
11,1,0.75,0.7,0.8,0.0,0.3,32.8
11,1,0.75,0.9,0.8,0.0,0.3,29.2
11,1,0.9,0.2,0.8,0.0,0.3,38.199999999999996
11,1,0.9,0.45,0.8,0.0,0.3,33.7
11,1,0.9,0.7,0.8,0.0,0.3,29.2
11,1,0.9,0.9,0.8,0.0,0.3,25.599999999999998
11,2,0.25,0.2,0.3,0.1,0.4,46.4
11,2,0.25,0.45,0.3,0.1,0.4,41.9
11,2,0.25,0.7,0.3,0.1,0.4,37.4
11,2,0.25,0.9,0.3,0.1,0.4,33.800000000000004
11,2,0.5,0.2,0.3,0.1,0.4,40.4
11,2,0.5,0.45,0.3,0.1,0.4,35.9
11,2,0.5,0.7,0.3,0.1,0.4,31.4
11,2,0.5,0.9,0.3,0.1,0.4,27.799999999999997
11,2,0.75,0.2,0.3,0.1,0.4,34.4
11,2,0.75,0.45,0.3,0.1,0.4,29.9
11,2,0.75,0.7,0.3,0.1,0.4,25.4
11,2,0.75,0.9,0.3,0.1,0.4,21.8
11,2,0.9,0.2,0.3,0.1,0.4,30.8
11,2,0.9,0.45,0.3,0.1,0.4,26.3
11,2,0.9,0.7,0.3,0.1,0.4,21.8
11,2,0.9,0.9,0.3,0.1,0.4,18.2
11,3,0.25,0.2,0.8,0.2,0.0,50.0
11,3,0.25,0.45,0.8,0.2,0.0,45.5
11,3,0.25,0.7,0.8,0.2,0.0,41.0
11,3,0.25,0.9,0.8,0.2,0.0,37.4
11,3,0.5,0.2,0.8,0.2,0.0,44.0
11,3,0.5,0.45,0.8,0.2,0.0,39.5
11,3,0.5,0.7,0.8,0.2,0.0,35.0
11,3,0.5,0.9,0.8,0.2,0.0,31.4
11,3,0.75,0.2,0.8,0.2,0.0,38.0
11,3,0.75,0.45,0.8,0.2,0.0,33.5
11,3,0.75,0.7,0.8,0.2,0.0,29.0
11,3,0.75,0.9,0.8,0.2,0.0,25.400000000000002
11,3,0.9,0.2,0.8,0.2,0.0,34.4
11,3,0.9,0.45,0.8,0.2,0.0,29.900000000000002
11,3,0.9,0.7,0.8,0.2,0.0,25.400000000000002
11,3,0.9,0.9,0.8,0.2,0.0,21.8
11,4,0.25,0.2,0.3,0.3,0.1,42.599999999999994
11,4,0.25,0.45,0.3,0.3,0.1,38.099999999999994
11,4,0.25,0.7,0.3,0.3,0.1,33.599999999999994
11,4,0.25,0.9,0.3,0.3,0.1,30.0
11,4,0.5,0.2,0.3,0.3,0.1,36.599999999999994
11,4,0.5,0.45,0.3,0.3,0.1,32.099999999999994
11,4,0.5,0.7,0.3,0.3,0.1,27.599999999999998
11,4,0.5,0.9,0.3,0.3,0.1,23.999999999999996
11,4,0.75,0.2,0.3,0.3,0.1,30.599999999999998
11,4,0.75,0.45,0.3,0.3,0.1,26.099999999999998
11,4,0.75,0.7,0.3,0.3,0.1,21.599999999999998
11,4,0.75,0.9,0.3,0.3,0.1,18.0
11,4,0.9,0.2,0.3,0.3,0.1,27.0
11,4,0.9,0.45,0.3,0.3,0.1,22.5
11,4,0.9,0.7,0.3,0.3,0.1,18.0
11,4,0.9,0.9,0.3,0.3,0.1,14.4
11,5,0.25,0.2,0.8,0.0,0.2,52.0
11,5,0.25,0.45,0.8,0.0,0.2,47.5
11,5,0.25,0.7,0.8,0.0,0.2,43.0
11,5,0.25,0.9,0.8,0.0,0.2,39.4
11,5,0.5,0.2,0.8,0.0,0.2,46.0
11,5,0.5,0.45,0.8,0.0,0.2,41.5
11,5,0.5,0.7,0.8,0.0,0.2,37.0
11,5,0.5,0.9,0.8,0.0,0.2,33.4
11,5,0.75,0.2,0.8,0.0,0.2,40.0
11,5,0.75,0.45,0.8,0.0,0.2,35.5
11,5,0.75,0.7,0.8,0.0,0.2,31.0
11,5,0.75,0.9,0.8,0.0,0.2,27.400000000000002
11,5,0.9,0.2,0.8,0.0,0.2,36.4
11,5,0.9,0.45,0.8,0.0,0.2,31.900000000000002
11,5,0.9,0.7,0.8,0.0,0.2,27.400000000000002
11,5,0.9,0.9,0.8,0.0,0.2,23.8
11,6,0.25,0.2,0.3,0.1,0.3,44.599999999999994
11,6,0.25,0.45,0.3,0.1,0.3,40.099999999999994
11,6,0.25,0.7,0.3,0.1,0.3,35.6
11,6,0.25,0.9,0.3,0.1,0.3,32.0
11,6,0.5,0.2,0.3,0.1,0.3,38.599999999999994
11,6,0.5,0.45,0.3,0.1,0.3,34.1
11,6,0.5,0.7,0.3,0.1,0.3,29.599999999999998
11,6,0.5,0.9,0.3,0.1,0.3,25.999999999999996
11,6,0.75,0.2,0.3,0.1,0.3,32.6
11,6,0.75,0.45,0.3,0.1,0.3,28.099999999999998
11,6,0.75,0.7,0.3,0.1,0.3,23.599999999999998
11,6,0.75,0.9,0.3,0.1,0.3,20.0
11,6,0.9,0.2,0.3,0.1,0.3,29.0
11,6,0.9,0.45,0.3,0.1,0.3,24.5
11,6,0.9,0.7,0.3,0.1,0.3,20.0
11,6,0.9,0.9,0.3,0.1,0.3,16.4
12,0,0.25,0.2,0.6,0.0,0.4,51.6
12,0,0.25,0.45,0.6,0.0,0.4,47.1
12,0,0.25,0.7,0.6,0.0,0.4,42.6
12,0,0.25,0.9,0.6,0.0,0.4,39.0
12,0,0.5,0.2,0.6,0.0,0.4,45.6
12,0,0.5,0.45,0.6,0.0,0.4,41.1
12,0,0.5,0.7,0.6,0.0,0.4,36.6
12,0,0.5,0.9,0.6,0.0,0.4,33.0
12,0,0.75,0.2,0.6,0.0,0.4,39.6
12,0,0.75,0.45,0.6,0.0,0.4,35.1
12,0,0.75,0.7,0.6,0.0,0.4,30.599999999999998
12,0,0.75,0.9,0.6,0.0,0.4,27.0
12,0,0.9,0.2,0.6,0.0,0.4,36.0
12,0,0.9,0.45,0.6,0.0,0.4,31.5
12,0,0.9,0.7,0.6,0.0,0.4,27.0
12,0,0.9,0.9,0.6,0.0,0.4,23.4
12,1,0.25,0.2,0.1,0.1,0.0,35.199999999999996
12,1,0.25,0.45,0.1,0.1,0.0,30.7
12,1,0.25,0.7,0.1,0.1,0.0,26.2
12,1,0.25,0.9,0.1,0.1,0.0,22.6
12,1,0.5,0.2,0.1,0.1,0.0,29.2
12,1,0.5,0.45,0.1,0.1,0.0,24.7
12,1,0.5,0.7,0.1,0.1,0.0,20.2
12,1,0.5,0.9,0.1,0.1,0.0,16.599999999999998
12,1,0.75,0.2,0.1,0.1,0.0,23.2
12,1,0.75,0.45,0.1,0.1,0.0,18.7
12,1,0.75,0.7,0.1,0.1,0.0,14.200000000000001
12,1,0.75,0.9,0.1,0.1,0.0,10.600000000000001
12,1,0.9,0.2,0.1,0.1,0.0,19.6
12,1,0.9,0.45,0.1,0.1,0.0,15.100000000000001
12,1,0.9,0.7,0.1,0.1,0.0,10.600000000000001
12,1,0.9,0.9,0.1,0.1,0.0,6.999999999999999
12,2,0.25,0.2,0.6,0.2,0.1,47.8
12,2,0.25,0.45,0.6,0.2,0.1,43.3
12,2,0.25,0.7,0.6,0.2,0.1,38.8
12,2,0.25,0.9,0.6,0.2,0.1,35.199999999999996
12,2,0.5,0.2,0.6,0.2,0.1,41.8
12,2,0.5,0.45,0.6,0.2,0.1,37.3
12,2,0.5,0.7,0.6,0.2,0.1,32.8
12,2,0.5,0.9,0.6,0.2,0.1,29.2
12,2,0.75,0.2,0.6,0.2,0.1,35.8
12,2,0.75,0.45,0.6,0.2,0.1,31.3
12,2,0.75,0.7,0.6,0.2,0.1,26.8
12,2,0.75,0.9,0.6,0.2,0.1,23.200000000000003
12,2,0.9,0.2,0.6,0.2,0.1,32.2
12,2,0.9,0.45,0.6,0.2,0.1,27.700000000000003
12,2,0.9,0.7,0.6,0.2,0.1,23.200000000000003
12,2,0.9,0.9,0.6,0.2,0.1,19.6
12,3,0.25,0.2,0.1,0.3,0.2,40.4
12,3,0.25,0.45,0.1,0.3,0.2,35.9
12,3,0.25,0.7,0.1,0.3,0.2,31.4
12,3,0.25,0.9,0.1,0.3,0.2,27.8
12,3,0.5,0.2,0.1,0.3,0.2,34.4
12,3,0.5,0.45,0.1,0.3,0.2,29.9
12,3,0.5,0.7,0.1,0.3,0.2,25.4
12,3,0.5,0.9,0.1,0.3,0.2,21.8
12,3,0.75,0.2,0.1,0.3,0.2,28.4
12,3,0.75,0.45,0.1,0.3,0.2,23.9
12,3,0.75,0.7,0.1,0.3,0.2,19.400000000000002
12,3,0.75,0.9,0.1,0.3,0.2,15.8
12,3,0.9,0.2,0.1,0.3,0.2,24.8
12,3,0.9,0.45,0.1,0.3,0.2,20.3
12,3,0.9,0.7,0.1,0.3,0.2,15.8
12,3,0.9,0.9,0.1,0.3,0.2,12.2
12,4,0.25,0.2,0.6,0.0,0.3,49.8
12,4,0.25,0.45,0.6,0.0,0.3,45.3
12,4,0.25,0.7,0.6,0.0,0.3,40.8
12,4,0.25,0.9,0.6,0.0,0.3,37.2
12,4,0.5,0.2,0.6,0.0,0.3,43.8
12,4,0.5,0.45,0.6,0.0,0.3,39.3
12,4,0.5,0.7,0.6,0.0,0.3,34.8
12,4,0.5,0.9,0.6,0.0,0.3,31.199999999999996
12,4,0.75,0.2,0.6,0.0,0.3,37.8
12,4,0.75,0.45,0.6,0.0,0.3,33.3
12,4,0.75,0.7,0.6,0.0,0.3,28.799999999999997
12,4,0.75,0.9,0.6,0.0,0.3,25.2
12,4,0.9,0.2,0.6,0.0,0.3,34.2
12,4,0.9,0.45,0.6,0.0,0.3,29.7
12,4,0.9,0.7,0.6,0.0,0.3,25.2
12,4,0.9,0.9,0.6,0.0,0.3,21.599999999999998
12,5,0.25,0.2,0.1,0.1,0.4,42.4
12,5,0.25,0.45,0.1,0.1,0.4,37.9
12,5,0.25,0.7,0.1,0.1,0.4,33.4
12,5,0.25,0.9,0.1,0.1,0.4,29.8
12,5,0.5,0.2,0.1,0.1,0.4,36.4
12,5,0.5,0.45,0.1,0.1,0.4,31.9
12,5,0.5,0.7,0.1,0.1,0.4,27.4
12,5,0.5,0.9,0.1,0.1,0.4,23.799999999999997
12,5,0.75,0.2,0.1,0.1,0.4,30.4
12,5,0.75,0.45,0.1,0.1,0.4,25.9
12,5,0.75,0.7,0.1,0.1,0.4,21.400000000000002
12,5,0.75,0.9,0.1,0.1,0.4,17.8
12,5,0.9,0.2,0.1,0.1,0.4,26.8
12,5,0.9,0.45,0.1,0.1,0.4,22.3
12,5,0.9,0.7,0.1,0.1,0.4,17.8
12,5,0.9,0.9,0.1,0.1,0.4,14.2
12,6,0.25,0.2,0.6,0.2,0.0,46.0
12,6,0.25,0.45,0.6,0.2,0.0,41.5
12,6,0.25,0.7,0.6,0.2,0.0,37.0
12,6,0.25,0.9,0.6,0.2,0.0,33.4
12,6,0.5,0.2,0.6,0.2,0.0,40.0
12,6,0.5,0.45,0.6,0.2,0.0,35.5
12,6,0.5,0.7,0.6,0.2,0.0,31.0
12,6,0.5,0.9,0.6,0.2,0.0,27.4
12,6,0.75,0.2,0.6,0.2,0.0,34.0
12,6,0.75,0.45,0.6,0.2,0.0,29.5
12,6,0.75,0.7,0.6,0.2,0.0,25.0
12,6,0.75,0.9,0.6,0.2,0.0,21.400000000000002
12,6,0.9,0.2,0.6,0.2,0.0,30.400000000000002
12,6,0.9,0.45,0.6,0.2,0.0,25.900000000000002
12,6,0.9,0.7,0.6,0.2,0.0,21.400000000000002
12,6,0.9,0.9,0.6,0.2,0.0,17.8
13,0,0.25,0.2,0.9,0.1,0.1,52.99999999999999
13,0,0.25,0.45,0.9,0.1,0.1,48.49999999999999
13,0,0.25,0.7,0.9,0.1,0.1,43.99999999999999
13,0,0.25,0.9,0.9,0.1,0.1,40.39999999999999
13,0,0.5,0.2,0.9,0.1,0.1,46.99999999999999
13,0,0.5,0.45,0.9,0.1,0.1,42.49999999999999
13,0,0.5,0.7,0.9,0.1,0.1,37.99999999999999
13,0,0.5,0.9,0.9,0.1,0.1,34.39999999999999
13,0,0.75,0.2,0.9,0.1,0.1,40.99999999999999
13,0,0.75,0.45,0.9,0.1,0.1,36.49999999999999
13,0,0.75,0.7,0.9,0.1,0.1,32.0
13,0,0.75,0.9,0.9,0.1,0.1,28.400000000000002
13,0,0.9,0.2,0.9,0.1,0.1,37.39999999999999
13,0,0.9,0.45,0.9,0.1,0.1,32.9
13,0,0.9,0.7,0.9,0.1,0.1,28.400000000000002
13,0,0.9,0.9,0.9,0.1,0.1,24.8
13,1,0.25,0.2,0.4,0.2,0.2,45.6
13,1,0.25,0.45,0.4,0.2,0.2,41.1
13,1,0.25,0.7,0.4,0.2,0.2,36.6
13,1,0.25,0.9,0.4,0.2,0.2,33.0
13,1,0.5,0.2,0.4,0.2,0.2,39.6
13,1,0.5,0.45,0.4,0.2,0.2,35.1
13,1,0.5,0.7,0.4,0.2,0.2,30.6
13,1,0.5,0.9,0.4,0.2,0.2,27.0
13,1,0.75,0.2,0.4,0.2,0.2,33.6
13,1,0.75,0.45,0.4,0.2,0.2,29.1
13,1,0.75,0.7,0.4,0.2,0.2,24.6
13,1,0.75,0.9,0.4,0.2,0.2,21.000000000000004
13,1,0.9,0.2,0.4,0.2,0.2,30.000000000000004
13,1,0.9,0.45,0.4,0.2,0.2,25.500000000000004
13,1,0.9,0.7,0.4,0.2,0.2,21.000000000000004
13,1,0.9,0.9,0.4,0.2,0.2,17.4
13,2,0.25,0.2,0.9,0.3,0.3,58.199999999999996
13,2,0.25,0.45,0.9,0.3,0.3,53.699999999999996
13,2,0.25,0.7,0.9,0.3,0.3,49.199999999999996
13,2,0.25,0.9,0.9,0.3,0.3,45.599999999999994
13,2,0.5,0.2,0.9,0.3,0.3,52.199999999999996
13,2,0.5,0.45,0.9,0.3,0.3,47.699999999999996
13,2,0.5,0.7,0.9,0.3,0.3,43.199999999999996
13,2,0.5,0.9,0.9,0.3,0.3,39.599999999999994
13,2,0.75,0.2,0.9,0.3,0.3,46.199999999999996
13,2,0.75,0.45,0.9,0.3,0.3,41.699999999999996
13,2,0.75,0.7,0.9,0.3,0.3,37.199999999999996
13,2,0.75,0.9,0.9,0.3,0.3,33.6
13,2,0.9,0.2,0.9,0.3,0.3,42.599999999999994
13,2,0.9,0.45,0.9,0.3,0.3,38.1
13,2,0.9,0.7,0.9,0.3,0.3,33.6
13,2,0.9,0.9,0.9,0.3,0.3,29.999999999999996
13,3,0.25,0.2,0.4,0.0,0.4,47.6
13,3,0.25,0.45,0.4,0.0,0.4,43.1
13,3,0.25,0.7,0.4,0.0,0.4,38.6
13,3,0.25,0.9,0.4,0.0,0.4,35.0
13,3,0.5,0.2,0.4,0.0,0.4,41.6
13,3,0.5,0.45,0.4,0.0,0.4,37.1
13,3,0.5,0.7,0.4,0.0,0.4,32.6
13,3,0.5,0.9,0.4,0.0,0.4,28.999999999999996
13,3,0.75,0.2,0.4,0.0,0.4,35.6
13,3,0.75,0.45,0.4,0.0,0.4,31.099999999999998
13,3,0.75,0.7,0.4,0.0,0.4,26.599999999999998
13,3,0.75,0.9,0.4,0.0,0.4,23.0
13,3,0.9,0.2,0.4,0.0,0.4,32.0
13,3,0.9,0.45,0.4,0.0,0.4,27.5
13,3,0.9,0.7,0.4,0.0,0.4,23.0
13,3,0.9,0.9,0.4,0.0,0.4,19.4
13,4,0.25,0.2,0.9,0.1,0.0,51.199999999999996
13,4,0.25,0.45,0.9,0.1,0.0,46.699999999999996
13,4,0.25,0.7,0.9,0.1,0.0,42.199999999999996
13,4,0.25,0.9,0.9,0.1,0.0,38.599999999999994
13,4,0.5,0.2,0.9,0.1,0.0,45.199999999999996
13,4,0.5,0.45,0.9,0.1,0.0,40.699999999999996
13,4,0.5,0.7,0.9,0.1,0.0,36.199999999999996
13,4,0.5,0.9,0.9,0.1,0.0,32.599999999999994
13,4,0.75,0.2,0.9,0.1,0.0,39.199999999999996
13,4,0.75,0.45,0.9,0.1,0.0,34.699999999999996
13,4,0.75,0.7,0.9,0.1,0.0,30.2
13,4,0.75,0.9,0.9,0.1,0.0,26.6
13,4,0.9,0.2,0.9,0.1,0.0,35.599999999999994
13,4,0.9,0.45,0.9,0.1,0.0,31.1
13,4,0.9,0.7,0.9,0.1,0.0,26.6
13,4,0.9,0.9,0.9,0.1,0.0,23.0
13,5,0.25,0.2,0.4,0.2,0.1,43.8
13,5,0.25,0.45,0.4,0.2,0.1,39.3
13,5,0.25,0.7,0.4,0.2,0.1,34.8
13,5,0.25,0.9,0.4,0.2,0.1,31.200000000000003
13,5,0.5,0.2,0.4,0.2,0.1,37.8
13,5,0.5,0.45,0.4,0.2,0.1,33.3
13,5,0.5,0.7,0.4,0.2,0.1,28.8
13,5,0.5,0.9,0.4,0.2,0.1,25.2
13,5,0.75,0.2,0.4,0.2,0.1,31.8
13,5,0.75,0.45,0.4,0.2,0.1,27.3
13,5,0.75,0.7,0.4,0.2,0.1,22.8
13,5,0.75,0.9,0.4,0.2,0.1,19.200000000000003
13,5,0.9,0.2,0.4,0.2,0.1,28.200000000000003
13,5,0.9,0.45,0.4,0.2,0.1,23.700000000000003
13,5,0.9,0.7,0.4,0.2,0.1,19.200000000000003
13,5,0.9,0.9,0.4,0.2,0.1,15.6
13,6,0.25,0.2,0.9,0.3,0.2,56.4
13,6,0.25,0.45,0.9,0.3,0.2,51.9
13,6,0.25,0.7,0.9,0.3,0.2,47.4
13,6,0.25,0.9,0.9,0.3,0.2,43.8
13,6,0.5,0.2,0.9,0.3,0.2,50.4
13,6,0.5,0.45,0.9,0.3,0.2,45.9
13,6,0.5,0.7,0.9,0.3,0.2,41.4
13,6,0.5,0.9,0.9,0.3,0.2,37.8
13,6,0.75,0.2,0.9,0.3,0.2,44.4
13,6,0.75,0.45,0.9,0.3,0.2,39.9
13,6,0.75,0.7,0.9,0.3,0.2,35.4
13,6,0.75,0.9,0.9,0.3,0.2,31.8
13,6,0.9,0.2,0.9,0.3,0.2,40.8
13,6,0.9,0.45,0.9,0.3,0.2,36.300000000000004
13,6,0.9,0.7,0.9,0.3,0.2,31.8
13,6,0.9,0.9,0.9,0.3,0.2,28.2
14,0,0.25,0.2,0.2,0.2,0.3,43.4
14,0,0.25,0.45,0.2,0.2,0.3,38.9
14,0,0.25,0.7,0.2,0.2,0.3,34.4
14,0,0.25,0.9,0.2,0.2,0.3,30.8
14,0,0.5,0.2,0.2,0.2,0.3,37.4
14,0,0.5,0.45,0.2,0.2,0.3,32.9
14,0,0.5,0.7,0.2,0.2,0.3,28.4
14,0,0.5,0.9,0.2,0.2,0.3,24.799999999999997
14,0,0.75,0.2,0.2,0.2,0.3,31.4
14,0,0.75,0.45,0.2,0.2,0.3,26.9
14,0,0.75,0.7,0.2,0.2,0.3,22.4
14,0,0.75,0.9,0.2,0.2,0.3,18.8
14,0,0.9,0.2,0.2,0.2,0.3,27.8
14,0,0.9,0.45,0.2,0.2,0.3,23.3
14,0,0.9,0.7,0.2,0.2,0.3,18.8
14,0,0.9,0.9,0.2,0.2,0.3,15.2
14,1,0.25,0.2,0.7,0.3,0.4,56.0
14,1,0.25,0.45,0.7,0.3,0.4,51.5
14,1,0.25,0.7,0.7,0.3,0.4,47.0
14,1,0.25,0.9,0.7,0.3,0.4,43.4
14,1,0.5,0.2,0.7,0.3,0.4,50.0
14,1,0.5,0.45,0.7,0.3,0.4,45.5
14,1,0.5,0.7,0.7,0.3,0.4,41.0
14,1,0.5,0.9,0.7,0.3,0.4,37.4
14,1,0.75,0.2,0.7,0.3,0.4,44.0
14,1,0.75,0.45,0.7,0.3,0.4,39.5
14,1,0.75,0.7,0.7,0.3,0.4,35.0
14,1,0.75,0.9,0.7,0.3,0.4,31.4
14,1,0.9,0.2,0.7,0.3,0.4,40.400000000000006
14,1,0.9,0.45,0.7,0.3,0.4,35.9
14,1,0.9,0.7,0.7,0.3,0.4,31.4
14,1,0.9,0.9,0.7,0.3,0.4,27.799999999999997
14,2,0.25,0.2,0.2,0.0,0.0,36.4
14,2,0.25,0.45,0.2,0.0,0.0,31.9
14,2,0.25,0.7,0.2,0.0,0.0,27.4
14,2,0.25,0.9,0.2,0.0,0.0,23.8
14,2,0.5,0.2,0.2,0.0,0.0,30.4
14,2,0.5,0.45,0.2,0.0,0.0,25.9
14,2,0.5,0.7,0.2,0.0,0.0,21.4
14,2,0.5,0.9,0.2,0.0,0.0,17.799999999999997
14,2,0.75,0.2,0.2,0.0,0.0,24.4
14,2,0.75,0.45,0.2,0.0,0.0,19.9
14,2,0.75,0.7,0.2,0.0,0.0,15.4
14,2,0.75,0.9,0.2,0.0,0.0,11.8
14,2,0.9,0.2,0.2,0.0,0.0,20.8
14,2,0.9,0.45,0.2,0.0,0.0,16.3
14,2,0.9,0.7,0.2,0.0,0.0,11.8
14,2,0.9,0.9,0.2,0.0,0.0,8.2
14,3,0.25,0.2,0.7,0.1,0.1,48.99999999999999
14,3,0.25,0.45,0.7,0.1,0.1,44.49999999999999
14,3,0.25,0.7,0.7,0.1,0.1,39.99999999999999
14,3,0.25,0.9,0.7,0.1,0.1,36.39999999999999
14,3,0.5,0.2,0.7,0.1,0.1,42.99999999999999
14,3,0.5,0.45,0.7,0.1,0.1,38.49999999999999
14,3,0.5,0.7,0.7,0.1,0.1,33.99999999999999
14,3,0.5,0.9,0.7,0.1,0.1,30.4
14,3,0.75,0.2,0.7,0.1,0.1,36.99999999999999
14,3,0.75,0.45,0.7,0.1,0.1,32.5
14,3,0.75,0.7,0.7,0.1,0.1,28.0
14,3,0.75,0.9,0.7,0.1,0.1,24.400000000000002
14,3,0.9,0.2,0.7,0.1,0.1,33.4
14,3,0.9,0.45,0.7,0.1,0.1,28.900000000000002
14,3,0.9,0.7,0.7,0.1,0.1,24.400000000000002
14,3,0.9,0.9,0.7,0.1,0.1,20.8
14,4,0.25,0.2,0.2,0.2,0.2,41.6
14,4,0.25,0.45,0.2,0.2,0.2,37.1
14,4,0.25,0.7,0.2,0.2,0.2,32.6
14,4,0.25,0.9,0.2,0.2,0.2,29.000000000000004
14,4,0.5,0.2,0.2,0.2,0.2,35.6
14,4,0.5,0.45,0.2,0.2,0.2,31.1
14,4,0.5,0.7,0.2,0.2,0.2,26.6
14,4,0.5,0.9,0.2,0.2,0.2,23.0
14,4,0.75,0.2,0.2,0.2,0.2,29.6
14,4,0.75,0.45,0.2,0.2,0.2,25.1
14,4,0.75,0.7,0.2,0.2,0.2,20.6
14,4,0.75,0.9,0.2,0.2,0.2,17.0
14,4,0.9,0.2,0.2,0.2,0.2,26.000000000000004
14,4,0.9,0.45,0.2,0.2,0.2,21.500000000000004
14,4,0.9,0.7,0.2,0.2,0.2,17.0
14,4,0.9,0.9,0.2,0.2,0.2,13.399999999999999
14,5,0.25,0.2,0.7,0.3,0.3,54.199999999999996
14,5,0.25,0.45,0.7,0.3,0.3,49.699999999999996
14,5,0.25,0.7,0.7,0.3,0.3,45.199999999999996
14,5,0.25,0.9,0.7,0.3,0.3,41.599999999999994
14,5,0.5,0.2,0.7,0.3,0.3,48.199999999999996
14,5,0.5,0.45,0.7,0.3,0.3,43.699999999999996
14,5,0.5,0.7,0.7,0.3,0.3,39.199999999999996
14,5,0.5,0.9,0.7,0.3,0.3,35.599999999999994
14,5,0.75,0.2,0.7,0.3,0.3,42.199999999999996
14,5,0.75,0.45,0.7,0.3,0.3,37.699999999999996
14,5,0.75,0.7,0.7,0.3,0.3,33.199999999999996
14,5,0.75,0.9,0.7,0.3,0.3,29.599999999999998
14,5,0.9,0.2,0.7,0.3,0.3,38.6
14,5,0.9,0.45,0.7,0.3,0.3,34.1
14,5,0.9,0.7,0.7,0.3,0.3,29.599999999999998
14,5,0.9,0.9,0.7,0.3,0.3,25.999999999999996
14,6,0.25,0.2,0.2,0.0,0.4,43.6
14,6,0.25,0.45,0.2,0.0,0.4,39.1
14,6,0.25,0.7,0.2,0.0,0.4,34.6
14,6,0.25,0.9,0.2,0.0,0.4,31.0
14,6,0.5,0.2,0.2,0.0,0.4,37.6
14,6,0.5,0.45,0.2,0.0,0.4,33.1
14,6,0.5,0.7,0.2,0.0,0.4,28.599999999999998
14,6,0.5,0.9,0.2,0.0,0.4,24.999999999999996
14,6,0.75,0.2,0.2,0.0,0.4,31.599999999999998
14,6,0.75,0.45,0.2,0.0,0.4,27.099999999999998
14,6,0.75,0.7,0.2,0.0,0.4,22.6
14,6,0.75,0.9,0.2,0.0,0.4,19.0
14,6,0.9,0.2,0.2,0.0,0.4,28.0
14,6,0.9,0.45,0.2,0.0,0.4,23.5
14,6,0.9,0.7,0.2,0.0,0.4,19.0
14,6,0.9,0.9,0.2,0.0,0.4,15.399999999999999
15,0,0.25,0.2,0.5,0.3,0.0,44.8
15,0,0.25,0.45,0.5,0.3,0.0,40.3
15,0,0.25,0.7,0.5,0.3,0.0,35.8
15,0,0.25,0.9,0.5,0.3,0.0,32.2
15,0,0.5,0.2,0.5,0.3,0.0,38.8
15,0,0.5,0.45,0.5,0.3,0.0,34.3
15,0,0.5,0.7,0.5,0.3,0.0,29.799999999999997
15,0,0.5,0.9,0.5,0.3,0.0,26.199999999999996
15,0,0.75,0.2,0.5,0.3,0.0,32.8
15,0,0.75,0.45,0.5,0.3,0.0,28.299999999999997
15,0,0.75,0.7,0.5,0.3,0.0,23.799999999999997
15,0,0.75,0.9,0.5,0.3,0.0,20.2
15,0,0.9,0.2,0.5,0.3,0.0,29.2
15,0,0.9,0.45,0.5,0.3,0.0,24.7
15,0,0.9,0.7,0.5,0.3,0.0,20.2
15,0,0.9,0.9,0.5,0.3,0.0,16.599999999999998
15,1,0.25,0.2,0.0,0.0,0.1,34.199999999999996
15,1,0.25,0.45,0.0,0.0,0.1,29.7
15,1,0.25,0.7,0.0,0.0,0.1,25.2
15,1,0.25,0.9,0.0,0.0,0.1,21.6
15,1,0.5,0.2,0.0,0.0,0.1,28.2
15,1,0.5,0.45,0.0,0.0,0.1,23.7
15,1,0.5,0.7,0.0,0.0,0.1,19.2
15,1,0.5,0.9,0.0,0.0,0.1,15.6
15,1,0.75,0.2,0.0,0.0,0.1,22.2
15,1,0.75,0.45,0.0,0.0,0.1,17.7
15,1,0.75,0.7,0.0,0.0,0.1,13.200000000000001
15,1,0.75,0.9,0.0,0.0,0.1,9.6
15,1,0.9,0.2,0.0,0.0,0.1,18.6
15,1,0.9,0.45,0.0,0.0,0.1,14.100000000000001
15,1,0.9,0.7,0.0,0.0,0.1,9.6
15,1,0.9,0.9,0.0,0.0,0.1,5.999999999999999
15,2,0.25,0.2,0.5,0.1,0.2,46.8
15,2,0.25,0.45,0.5,0.1,0.2,42.3
15,2,0.25,0.7,0.5,0.1,0.2,37.8
15,2,0.25,0.9,0.5,0.1,0.2,34.2
15,2,0.5,0.2,0.5,0.1,0.2,40.8
15,2,0.5,0.45,0.5,0.1,0.2,36.3
15,2,0.5,0.7,0.5,0.1,0.2,31.8
15,2,0.5,0.9,0.5,0.1,0.2,28.2
15,2,0.75,0.2,0.5,0.1,0.2,34.8
15,2,0.75,0.45,0.5,0.1,0.2,30.3
15,2,0.75,0.7,0.5,0.1,0.2,25.8
15,2,0.75,0.9,0.5,0.1,0.2,22.200000000000003
15,2,0.9,0.2,0.5,0.1,0.2,31.200000000000003
15,2,0.9,0.45,0.5,0.1,0.2,26.700000000000003
15,2,0.9,0.7,0.5,0.1,0.2,22.200000000000003
15,2,0.9,0.9,0.5,0.1,0.2,18.6
15,3,0.25,0.2,0.0,0.2,0.3,39.4
15,3,0.25,0.45,0.0,0.2,0.3,34.9
15,3,0.25,0.7,0.0,0.2,0.3,30.4
15,3,0.25,0.9,0.0,0.2,0.3,26.8
15,3,0.5,0.2,0.0,0.2,0.3,33.4
15,3,0.5,0.45,0.0,0.2,0.3,28.9
15,3,0.5,0.7,0.0,0.2,0.3,24.4
15,3,0.5,0.9,0.0,0.2,0.3,20.799999999999997
15,3,0.75,0.2,0.0,0.2,0.3,27.4
15,3,0.75,0.45,0.0,0.2,0.3,22.9
15,3,0.75,0.7,0.0,0.2,0.3,18.4
15,3,0.75,0.9,0.0,0.2,0.3,14.8
15,3,0.9,0.2,0.0,0.2,0.3,23.8
15,3,0.9,0.45,0.0,0.2,0.3,19.3
15,3,0.9,0.7,0.0,0.2,0.3,14.8
15,3,0.9,0.9,0.0,0.2,0.3,11.2
15,4,0.25,0.2,0.5,0.3,0.4,52.0
15,4,0.25,0.45,0.5,0.3,0.4,47.5
15,4,0.25,0.7,0.5,0.3,0.4,43.0
15,4,0.25,0.9,0.5,0.3,0.4,39.400000000000006
15,4,0.5,0.2,0.5,0.3,0.4,46.0
15,4,0.5,0.45,0.5,0.3,0.4,41.5
15,4,0.5,0.7,0.5,0.3,0.4,37.0
15,4,0.5,0.9,0.5,0.3,0.4,33.4
15,4,0.75,0.2,0.5,0.3,0.4,40.0
15,4,0.75,0.45,0.5,0.3,0.4,35.5
15,4,0.75,0.7,0.5,0.3,0.4,30.999999999999996
15,4,0.75,0.9,0.5,0.3,0.4,27.4
15,4,0.9,0.2,0.5,0.3,0.4,36.4
15,4,0.9,0.45,0.5,0.3,0.4,31.9
15,4,0.9,0.7,0.5,0.3,0.4,27.4
15,4,0.9,0.9,0.5,0.3,0.4,23.799999999999997
15,5,0.25,0.2,0.0,0.0,0.0,32.4
15,5,0.25,0.45,0.0,0.0,0.0,27.9
15,5,0.25,0.7,0.0,0.0,0.0,23.4
15,5,0.25,0.9,0.0,0.0,0.0,19.8
15,5,0.5,0.2,0.0,0.0,0.0,26.4
15,5,0.5,0.45,0.0,0.0,0.0,21.9
15,5,0.5,0.7,0.0,0.0,0.0,17.4
15,5,0.5,0.9,0.0,0.0,0.0,13.799999999999999
15,5,0.75,0.2,0.0,0.0,0.0,20.4
15,5,0.75,0.45,0.0,0.0,0.0,15.9
15,5,0.75,0.7,0.0,0.0,0.0,11.4
15,5,0.75,0.9,0.0,0.0,0.0,7.8
15,5,0.9,0.2,0.0,0.0,0.0,16.8
15,5,0.9,0.45,0.0,0.0,0.0,12.3
15,5,0.9,0.7,0.0,0.0,0.0,7.8
15,5,0.9,0.9,0.0,0.0,0.0,4.199999999999999
15,6,0.25,0.2,0.5,0.1,0.1,44.99999999999999
15,6,0.25,0.45,0.5,0.1,0.1,40.49999999999999
15,6,0.25,0.7,0.5,0.1,0.1,35.99999999999999
15,6,0.25,0.9,0.5,0.1,0.1,32.4
15,6,0.5,0.2,0.5,0.1,0.1,38.99999999999999
15,6,0.5,0.45,0.5,0.1,0.1,34.49999999999999
15,6,0.5,0.7,0.5,0.1,0.1,30.0
15,6,0.5,0.9,0.5,0.1,0.1,26.4
15,6,0.75,0.2,0.5,0.1,0.1,33.0
15,6,0.75,0.45,0.5,0.1,0.1,28.5
15,6,0.75,0.7,0.5,0.1,0.1,24.0
15,6,0.75,0.9,0.5,0.1,0.1,20.400000000000002
15,6,0.9,0.2,0.5,0.1,0.1,29.400000000000002
15,6,0.9,0.45,0.5,0.1,0.1,24.900000000000002
15,6,0.9,0.7,0.5,0.1,0.1,20.400000000000002
15,6,0.9,0.9,0.5,0.1,0.1,16.8
16,0,0.25,0.2,0.8,0.0,0.2,52.0
16,0,0.25,0.45,0.8,0.0,0.2,47.5
16,0,0.25,0.7,0.8,0.0,0.2,43.0
16,0,0.25,0.9,0.8,0.0,0.2,39.4
16,0,0.5,0.2,0.8,0.0,0.2,46.0
16,0,0.5,0.45,0.8,0.0,0.2,41.5
16,0,0.5,0.7,0.8,0.0,0.2,37.0
16,0,0.5,0.9,0.8,0.0,0.2,33.4
16,0,0.75,0.2,0.8,0.0,0.2,40.0
16,0,0.75,0.45,0.8,0.0,0.2,35.5
16,0,0.75,0.7,0.8,0.0,0.2,31.0
16,0,0.75,0.9,0.8,0.0,0.2,27.400000000000002
16,0,0.9,0.2,0.8,0.0,0.2,36.4
16,0,0.9,0.45,0.8,0.0,0.2,31.900000000000002
16,0,0.9,0.7,0.8,0.0,0.2,27.400000000000002
16,0,0.9,0.9,0.8,0.0,0.2,23.8
16,1,0.25,0.2,0.3,0.1,0.3,44.599999999999994
16,1,0.25,0.45,0.3,0.1,0.3,40.099999999999994
16,1,0.25,0.7,0.3,0.1,0.3,35.6
16,1,0.25,0.9,0.3,0.1,0.3,32.0
16,1,0.5,0.2,0.3,0.1,0.3,38.599999999999994
16,1,0.5,0.45,0.3,0.1,0.3,34.1
16,1,0.5,0.7,0.3,0.1,0.3,29.599999999999998
16,1,0.5,0.9,0.3,0.1,0.3,25.999999999999996
16,1,0.75,0.2,0.3,0.1,0.3,32.6
16,1,0.75,0.45,0.3,0.1,0.3,28.099999999999998
16,1,0.75,0.7,0.3,0.1,0.3,23.599999999999998
16,1,0.75,0.9,0.3,0.1,0.3,20.0
16,1,0.9,0.2,0.3,0.1,0.3,29.0
16,1,0.9,0.45,0.3,0.1,0.3,24.5
16,1,0.9,0.7,0.3,0.1,0.3,20.0
16,1,0.9,0.9,0.3,0.1,0.3,16.4
16,2,0.25,0.2,0.8,0.2,0.4,57.2
16,2,0.25,0.45,0.8,0.2,0.4,52.7
16,2,0.25,0.7,0.8,0.2,0.4,48.2
16,2,0.25,0.9,0.8,0.2,0.4,44.6
16,2,0.5,0.2,0.8,0.2,0.4,51.2
16,2,0.5,0.45,0.8,0.2,0.4,46.7
16,2,0.5,0.7,0.8,0.2,0.4,42.2
16,2,0.5,0.9,0.8,0.2,0.4,38.6
16,2,0.75,0.2,0.8,0.2,0.4,45.2
16,2,0.75,0.45,0.8,0.2,0.4,40.7
16,2,0.75,0.7,0.8,0.2,0.4,36.2
16,2,0.75,0.9,0.8,0.2,0.4,32.6
16,2,0.9,0.2,0.8,0.2,0.4,41.6
16,2,0.9,0.45,0.8,0.2,0.4,37.1
16,2,0.9,0.7,0.8,0.2,0.4,32.6
16,2,0.9,0.9,0.8,0.2,0.4,29.0
16,3,0.25,0.2,0.3,0.3,0.0,40.8
16,3,0.25,0.45,0.3,0.3,0.0,36.3
16,3,0.25,0.7,0.3,0.3,0.0,31.799999999999997
16,3,0.25,0.9,0.3,0.3,0.0,28.2
16,3,0.5,0.2,0.3,0.3,0.0,34.8
16,3,0.5,0.45,0.3,0.3,0.0,30.299999999999997
16,3,0.5,0.7,0.3,0.3,0.0,25.799999999999997
16,3,0.5,0.9,0.3,0.3,0.0,22.199999999999996
16,3,0.75,0.2,0.3,0.3,0.0,28.799999999999997
16,3,0.75,0.45,0.3,0.3,0.0,24.299999999999997
16,3,0.75,0.7,0.3,0.3,0.0,19.799999999999997
16,3,0.75,0.9,0.3,0.3,0.0,16.2
16,3,0.9,0.2,0.3,0.3,0.0,25.2
16,3,0.9,0.45,0.3,0.3,0.0,20.7
16,3,0.9,0.7,0.3,0.3,0.0,16.2
16,3,0.9,0.9,0.3,0.3,0.0,12.6
16,4,0.25,0.2,0.8,0.0,0.1,50.199999999999996
16,4,0.25,0.45,0.8,0.0,0.1,45.699999999999996
16,4,0.25,0.7,0.8,0.0,0.1,41.199999999999996
16,4,0.25,0.9,0.8,0.0,0.1,37.599999999999994
16,4,0.5,0.2,0.8,0.0,0.1,44.199999999999996
16,4,0.5,0.45,0.8,0.0,0.1,39.699999999999996
16,4,0.5,0.7,0.8,0.0,0.1,35.199999999999996
16,4,0.5,0.9,0.8,0.0,0.1,31.599999999999998
16,4,0.75,0.2,0.8,0.0,0.1,38.199999999999996
16,4,0.75,0.45,0.8,0.0,0.1,33.699999999999996
16,4,0.75,0.7,0.8,0.0,0.1,29.2
16,4,0.75,0.9,0.8,0.0,0.1,25.6
16,4,0.9,0.2,0.8,0.0,0.1,34.599999999999994
16,4,0.9,0.45,0.8,0.0,0.1,30.1
16,4,0.9,0.7,0.8,0.0,0.1,25.6
16,4,0.9,0.9,0.8,0.0,0.1,22.0
16,5,0.25,0.2,0.3,0.1,0.2,42.8
16,5,0.25,0.45,0.3,0.1,0.2,38.3
16,5,0.25,0.7,0.3,0.1,0.2,33.8
16,5,0.25,0.9,0.3,0.1,0.2,30.200000000000003
16,5,0.5,0.2,0.3,0.1,0.2,36.8
16,5,0.5,0.45,0.3,0.1,0.2,32.3
16,5,0.5,0.7,0.3,0.1,0.2,27.8
16,5,0.5,0.9,0.3,0.1,0.2,24.2
16,5,0.75,0.2,0.3,0.1,0.2,30.8
16,5,0.75,0.45,0.3,0.1,0.2,26.3
16,5,0.75,0.7,0.3,0.1,0.2,21.8
16,5,0.75,0.9,0.3,0.1,0.2,18.200000000000003
16,5,0.9,0.2,0.3,0.1,0.2,27.200000000000003
16,5,0.9,0.45,0.3,0.1,0.2,22.700000000000003
16,5,0.9,0.7,0.3,0.1,0.2,18.200000000000003
16,5,0.9,0.9,0.3,0.1,0.2,14.6
16,6,0.25,0.2,0.8,0.2,0.3,55.4
16,6,0.25,0.45,0.8,0.2,0.3,50.9
16,6,0.25,0.7,0.8,0.2,0.3,46.4
16,6,0.25,0.9,0.8,0.2,0.3,42.8
16,6,0.5,0.2,0.8,0.2,0.3,49.4
16,6,0.5,0.45,0.8,0.2,0.3,44.9
16,6,0.5,0.7,0.8,0.2,0.3,40.4
16,6,0.5,0.9,0.8,0.2,0.3,36.8
16,6,0.75,0.2,0.8,0.2,0.3,43.4
16,6,0.75,0.45,0.8,0.2,0.3,38.9
16,6,0.75,0.7,0.8,0.2,0.3,34.4
16,6,0.75,0.9,0.8,0.2,0.3,30.8
16,6,0.9,0.2,0.8,0.2,0.3,39.8
16,6,0.9,0.45,0.8,0.2,0.3,35.300000000000004
16,6,0.9,0.7,0.8,0.2,0.3,30.8
16,6,0.9,0.9,0.8,0.2,0.3,27.2
17,0,0.25,0.2,0.1,0.1,0.4,42.4
17,0,0.25,0.45,0.1,0.1,0.4,37.9
17,0,0.25,0.7,0.1,0.1,0.4,33.4
17,0,0.25,0.9,0.1,0.1,0.4,29.8
17,0,0.5,0.2,0.1,0.1,0.4,36.4
17,0,0.5,0.45,0.1,0.1,0.4,31.9
17,0,0.5,0.7,0.1,0.1,0.4,27.4
17,0,0.5,0.9,0.1,0.1,0.4,23.799999999999997
17,0,0.75,0.2,0.1,0.1,0.4,30.4
17,0,0.75,0.45,0.1,0.1,0.4,25.9
17,0,0.75,0.7,0.1,0.1,0.4,21.400000000000002
17,0,0.75,0.9,0.1,0.1,0.4,17.8
17,0,0.9,0.2,0.1,0.1,0.4,26.8
17,0,0.9,0.45,0.1,0.1,0.4,22.3
17,0,0.9,0.7,0.1,0.1,0.4,17.8
17,0,0.9,0.9,0.1,0.1,0.4,14.2
17,1,0.25,0.2,0.6,0.2,0.0,46.0
17,1,0.25,0.45,0.6,0.2,0.0,41.5
17,1,0.25,0.7,0.6,0.2,0.0,37.0
17,1,0.25,0.9,0.6,0.2,0.0,33.4
17,1,0.5,0.2,0.6,0.2,0.0,40.0
17,1,0.5,0.45,0.6,0.2,0.0,35.5
17,1,0.5,0.7,0.6,0.2,0.0,31.0
17,1,0.5,0.9,0.6,0.2,0.0,27.4
17,1,0.75,0.2,0.6,0.2,0.0,34.0
17,1,0.75,0.45,0.6,0.2,0.0,29.5
17,1,0.75,0.7,0.6,0.2,0.0,25.0
17,1,0.75,0.9,0.6,0.2,0.0,21.400000000000002
17,1,0.9,0.2,0.6,0.2,0.0,30.400000000000002
17,1,0.9,0.45,0.6,0.2,0.0,25.900000000000002
17,1,0.9,0.7,0.6,0.2,0.0,21.400000000000002
17,1,0.9,0.9,0.6,0.2,0.0,17.8
17,2,0.25,0.2,0.1,0.3,0.1,38.599999999999994
17,2,0.25,0.45,0.1,0.3,0.1,34.099999999999994
17,2,0.25,0.7,0.1,0.3,0.1,29.599999999999998
17,2,0.25,0.9,0.1,0.3,0.1,26.0
17,2,0.5,0.2,0.1,0.3,0.1,32.599999999999994
17,2,0.5,0.45,0.1,0.3,0.1,28.099999999999998
17,2,0.5,0.7,0.1,0.3,0.1,23.599999999999998
17,2,0.5,0.9,0.1,0.3,0.1,20.0
17,2,0.75,0.2,0.1,0.3,0.1,26.599999999999998
17,2,0.75,0.45,0.1,0.3,0.1,22.099999999999998
17,2,0.75,0.7,0.1,0.3,0.1,17.6
17,2,0.75,0.9,0.1,0.3,0.1,14.000000000000002
17,2,0.9,0.2,0.1,0.3,0.1,23.0
17,2,0.9,0.45,0.1,0.3,0.1,18.5
17,2,0.9,0.7,0.1,0.3,0.1,14.000000000000002
17,2,0.9,0.9,0.1,0.3,0.1,10.4
17,3,0.25,0.2,0.6,0.0,0.2,48.0
17,3,0.25,0.45,0.6,0.0,0.2,43.5
17,3,0.25,0.7,0.6,0.0,0.2,39.0
17,3,0.25,0.9,0.6,0.0,0.2,35.4
17,3,0.5,0.2,0.6,0.0,0.2,42.0
17,3,0.5,0.45,0.6,0.0,0.2,37.5
17,3,0.5,0.7,0.6,0.0,0.2,33.0
17,3,0.5,0.9,0.6,0.0,0.2,29.4
17,3,0.75,0.2,0.6,0.0,0.2,36.0
17,3,0.75,0.45,0.6,0.0,0.2,31.5
17,3,0.75,0.7,0.6,0.0,0.2,27.0
17,3,0.75,0.9,0.6,0.0,0.2,23.400000000000002
17,3,0.9,0.2,0.6,0.0,0.2,32.4
17,3,0.9,0.45,0.6,0.0,0.2,27.900000000000002
17,3,0.9,0.7,0.6,0.0,0.2,23.400000000000002
17,3,0.9,0.9,0.6,0.0,0.2,19.8
17,4,0.25,0.2,0.1,0.1,0.3,40.599999999999994
17,4,0.25,0.45,0.1,0.1,0.3,36.1
17,4,0.25,0.7,0.1,0.1,0.3,31.599999999999998
17,4,0.25,0.9,0.1,0.1,0.3,28.0
17,4,0.5,0.2,0.1,0.1,0.3,34.6
17,4,0.5,0.45,0.1,0.1,0.3,30.099999999999998
17,4,0.5,0.7,0.1,0.1,0.3,25.599999999999998
17,4,0.5,0.9,0.1,0.1,0.3,21.999999999999996
17,4,0.75,0.2,0.1,0.1,0.3,28.599999999999998
17,4,0.75,0.45,0.1,0.1,0.3,24.099999999999998
17,4,0.75,0.7,0.1,0.1,0.3,19.6
17,4,0.75,0.9,0.1,0.1,0.3,16.0
17,4,0.9,0.2,0.1,0.1,0.3,25.0
17,4,0.9,0.45,0.1,0.1,0.3,20.5
17,4,0.9,0.7,0.1,0.1,0.3,16.0
17,4,0.9,0.9,0.1,0.1,0.3,12.399999999999999
17,5,0.25,0.2,0.6,0.2,0.4,53.2
17,5,0.25,0.45,0.6,0.2,0.4,48.7
17,5,0.25,0.7,0.6,0.2,0.4,44.2
17,5,0.25,0.9,0.6,0.2,0.4,40.6
17,5,0.5,0.2,0.6,0.2,0.4,47.2
17,5,0.5,0.45,0.6,0.2,0.4,42.7
17,5,0.5,0.7,0.6,0.2,0.4,38.2
17,5,0.5,0.9,0.6,0.2,0.4,34.6
17,5,0.75,0.2,0.6,0.2,0.4,41.2
17,5,0.75,0.45,0.6,0.2,0.4,36.7
17,5,0.75,0.7,0.6,0.2,0.4,32.2
17,5,0.75,0.9,0.6,0.2,0.4,28.6
17,5,0.9,0.2,0.6,0.2,0.4,37.6
17,5,0.9,0.45,0.6,0.2,0.4,33.1
17,5,0.9,0.7,0.6,0.2,0.4,28.6
17,5,0.9,0.9,0.6,0.2,0.4,25.0
17,6,0.25,0.2,0.1,0.3,0.0,36.8
17,6,0.25,0.45,0.1,0.3,0.0,32.3
17,6,0.25,0.7,0.1,0.3,0.0,27.799999999999997
17,6,0.25,0.9,0.1,0.3,0.0,24.2
17,6,0.5,0.2,0.1,0.3,0.0,30.799999999999997
17,6,0.5,0.45,0.1,0.3,0.0,26.299999999999997
17,6,0.5,0.7,0.1,0.3,0.0,21.799999999999997
17,6,0.5,0.9,0.1,0.3,0.0,18.2
17,6,0.75,0.2,0.1,0.3,0.0,24.799999999999997
17,6,0.75,0.45,0.1,0.3,0.0,20.299999999999997
17,6,0.75,0.7,0.1,0.3,0.0,15.8
17,6,0.75,0.9,0.1,0.3,0.0,12.200000000000001
17,6,0.9,0.2,0.1,0.3,0.0,21.2
17,6,0.9,0.45,0.1,0.3,0.0,16.7
17,6,0.9,0.7,0.1,0.3,0.0,12.200000000000001
17,6,0.9,0.9,0.1,0.3,0.0,8.6
18,0,0.25,0.2,0.4,0.2,0.1,51.8
18,0,0.25,0.45,0.4,0.2,0.1,47.3
18,0,0.25,0.7,0.4,0.2,0.1,42.8
18,0,0.25,0.9,0.4,0.2,0.1,39.199999999999996
18,0,0.5,0.2,0.4,0.2,0.1,45.8
18,0,0.5,0.45,0.4,0.2,0.1,41.3
18,0,0.5,0.7,0.4,0.2,0.1,36.8
18,0,0.5,0.9,0.4,0.2,0.1,33.2
18,0,0.75,0.2,0.4,0.2,0.1,39.8
18,0,0.75,0.45,0.4,0.2,0.1,35.3
18,0,0.75,0.7,0.4,0.2,0.1,30.8
18,0,0.75,0.9,0.4,0.2,0.1,27.2
18,0,0.9,0.2,0.4,0.2,0.1,36.199999999999996
18,0,0.9,0.45,0.4,0.2,0.1,31.7
18,0,0.9,0.7,0.4,0.2,0.1,27.2
18,0,0.9,0.9,0.4,0.2,0.1,23.599999999999998
18,1,0.25,0.2,0.9,0.3,0.2,64.39999999999999
18,1,0.25,0.45,0.9,0.3,0.2,59.9
18,1,0.25,0.7,0.9,0.3,0.2,55.4
18,1,0.25,0.9,0.9,0.3,0.2,51.8
18,1,0.5,0.2,0.9,0.3,0.2,58.4
18,1,0.5,0.45,0.9,0.3,0.2,53.9
18,1,0.5,0.7,0.9,0.3,0.2,49.4
18,1,0.5,0.9,0.9,0.3,0.2,45.8
18,1,0.75,0.2,0.9,0.3,0.2,52.4
18,1,0.75,0.45,0.9,0.3,0.2,47.9
18,1,0.75,0.7,0.9,0.3,0.2,43.4
18,1,0.75,0.9,0.9,0.3,0.2,39.8
18,1,0.9,0.2,0.9,0.3,0.2,48.8
18,1,0.9,0.45,0.9,0.3,0.2,44.3
18,1,0.9,0.7,0.9,0.3,0.2,39.8
18,1,0.9,0.9,0.9,0.3,0.2,36.199999999999996
18,2,0.25,0.2,0.4,0.0,0.3,53.8
18,2,0.25,0.45,0.4,0.0,0.3,49.3
18,2,0.25,0.7,0.4,0.0,0.3,44.8
18,2,0.25,0.9,0.4,0.0,0.3,41.199999999999996
18,2,0.5,0.2,0.4,0.0,0.3,47.8
18,2,0.5,0.45,0.4,0.0,0.3,43.3
18,2,0.5,0.7,0.4,0.0,0.3,38.8
18,2,0.5,0.9,0.4,0.0,0.3,35.2
18,2,0.75,0.2,0.4,0.0,0.3,41.8
18,2,0.75,0.45,0.4,0.0,0.3,37.3
18,2,0.75,0.7,0.4,0.0,0.3,32.8
18,2,0.75,0.9,0.4,0.0,0.3,29.199999999999996
18,2,0.9,0.2,0.4,0.0,0.3,38.199999999999996
18,2,0.9,0.45,0.4,0.0,0.3,33.699999999999996
18,2,0.9,0.7,0.4,0.0,0.3,29.199999999999996
18,2,0.9,0.9,0.4,0.0,0.3,25.599999999999994
18,3,0.25,0.2,0.9,0.1,0.4,66.39999999999999
18,3,0.25,0.45,0.9,0.1,0.4,61.9
18,3,0.25,0.7,0.9,0.1,0.4,57.4
18,3,0.25,0.9,0.9,0.1,0.4,53.8
18,3,0.5,0.2,0.9,0.1,0.4,60.4
18,3,0.5,0.45,0.9,0.1,0.4,55.9
18,3,0.5,0.7,0.9,0.1,0.4,51.4
18,3,0.5,0.9,0.9,0.1,0.4,47.8
18,3,0.75,0.2,0.9,0.1,0.4,54.4
18,3,0.75,0.45,0.9,0.1,0.4,49.9
18,3,0.75,0.7,0.9,0.1,0.4,45.4
18,3,0.75,0.9,0.9,0.1,0.4,41.8
18,3,0.9,0.2,0.9,0.1,0.4,50.8
18,3,0.9,0.45,0.9,0.1,0.4,46.3
18,3,0.9,0.7,0.9,0.1,0.4,41.8
18,3,0.9,0.9,0.9,0.1,0.4,38.199999999999996
18,4,0.25,0.2,0.4,0.2,0.0,50.0
18,4,0.25,0.45,0.4,0.2,0.0,45.5
18,4,0.25,0.7,0.4,0.2,0.0,41.0
18,4,0.25,0.9,0.4,0.2,0.0,37.4
18,4,0.5,0.2,0.4,0.2,0.0,44.0
18,4,0.5,0.45,0.4,0.2,0.0,39.5
18,4,0.5,0.7,0.4,0.2,0.0,35.0
18,4,0.5,0.9,0.4,0.2,0.0,31.400000000000002
18,4,0.75,0.2,0.4,0.2,0.0,38.0
18,4,0.75,0.45,0.4,0.2,0.0,33.5
18,4,0.75,0.7,0.4,0.2,0.0,29.0
18,4,0.75,0.9,0.4,0.2,0.0,25.4
18,4,0.9,0.2,0.4,0.2,0.0,34.4
18,4,0.9,0.45,0.4,0.2,0.0,29.9
18,4,0.9,0.7,0.4,0.2,0.0,25.4
18,4,0.9,0.9,0.4,0.2,0.0,21.799999999999997
18,5,0.25,0.2,0.9,0.3,0.1,62.599999999999994
18,5,0.25,0.45,0.9,0.3,0.1,58.099999999999994
18,5,0.25,0.7,0.9,0.3,0.1,53.599999999999994
18,5,0.25,0.9,0.9,0.3,0.1,49.99999999999999
18,5,0.5,0.2,0.9,0.3,0.1,56.599999999999994
18,5,0.5,0.45,0.9,0.3,0.1,52.099999999999994
18,5,0.5,0.7,0.9,0.3,0.1,47.599999999999994
18,5,0.5,0.9,0.9,0.3,0.1,43.99999999999999
18,5,0.75,0.2,0.9,0.3,0.1,50.599999999999994
18,5,0.75,0.45,0.9,0.3,0.1,46.099999999999994
18,5,0.75,0.7,0.9,0.3,0.1,41.599999999999994
18,5,0.75,0.9,0.9,0.3,0.1,37.99999999999999
18,5,0.9,0.2,0.9,0.3,0.1,46.99999999999999
18,5,0.9,0.45,0.9,0.3,0.1,42.49999999999999
18,5,0.9,0.7,0.9,0.3,0.1,37.99999999999999
18,5,0.9,0.9,0.9,0.3,0.1,34.39999999999999
18,6,0.25,0.2,0.4,0.0,0.2,52.0
18,6,0.25,0.45,0.4,0.0,0.2,47.5
18,6,0.25,0.7,0.4,0.0,0.2,43.0
18,6,0.25,0.9,0.4,0.0,0.2,39.4
18,6,0.5,0.2,0.4,0.0,0.2,46.0
18,6,0.5,0.45,0.4,0.0,0.2,41.5
18,6,0.5,0.7,0.4,0.0,0.2,37.0
18,6,0.5,0.9,0.4,0.0,0.2,33.4
18,6,0.75,0.2,0.4,0.0,0.2,40.0
18,6,0.75,0.45,0.4,0.0,0.2,35.5
18,6,0.75,0.7,0.4,0.0,0.2,31.0
18,6,0.75,0.9,0.4,0.0,0.2,27.4
18,6,0.9,0.2,0.4,0.0,0.2,36.4
18,6,0.9,0.45,0.4,0.0,0.2,31.9
18,6,0.9,0.7,0.4,0.0,0.2,27.4
18,6,0.9,0.9,0.4,0.0,0.2,23.799999999999997
19,0,0.25,0.2,0.7,0.3,0.3,62.199999999999996
19,0,0.25,0.45,0.7,0.3,0.3,57.699999999999996
19,0,0.25,0.7,0.7,0.3,0.3,53.199999999999996
19,0,0.25,0.9,0.7,0.3,0.3,49.599999999999994
19,0,0.5,0.2,0.7,0.3,0.3,56.199999999999996
19,0,0.5,0.45,0.7,0.3,0.3,51.699999999999996
19,0,0.5,0.7,0.7,0.3,0.3,47.199999999999996
19,0,0.5,0.9,0.7,0.3,0.3,43.599999999999994
19,0,0.75,0.2,0.7,0.3,0.3,50.199999999999996
19,0,0.75,0.45,0.7,0.3,0.3,45.699999999999996
19,0,0.75,0.7,0.7,0.3,0.3,41.199999999999996
19,0,0.75,0.9,0.7,0.3,0.3,37.599999999999994
19,0,0.9,0.2,0.7,0.3,0.3,46.599999999999994
19,0,0.9,0.45,0.7,0.3,0.3,42.099999999999994
19,0,0.9,0.7,0.7,0.3,0.3,37.599999999999994
19,0,0.9,0.9,0.7,0.3,0.3,33.99999999999999
19,1,0.25,0.2,0.2,0.0,0.4,51.6
19,1,0.25,0.45,0.2,0.0,0.4,47.1
19,1,0.25,0.7,0.2,0.0,0.4,42.6
19,1,0.25,0.9,0.2,0.0,0.4,39.0
19,1,0.5,0.2,0.2,0.0,0.4,45.6
19,1,0.5,0.45,0.2,0.0,0.4,41.1
19,1,0.5,0.7,0.2,0.0,0.4,36.6
19,1,0.5,0.9,0.2,0.0,0.4,33.0
19,1,0.75,0.2,0.2,0.0,0.4,39.6
19,1,0.75,0.45,0.2,0.0,0.4,35.1
19,1,0.75,0.7,0.2,0.0,0.4,30.599999999999998
19,1,0.75,0.9,0.2,0.0,0.4,26.999999999999996
19,1,0.9,0.2,0.2,0.0,0.4,36.0
19,1,0.9,0.45,0.2,0.0,0.4,31.499999999999996
19,1,0.9,0.7,0.2,0.0,0.4,26.999999999999996
19,1,0.9,0.9,0.2,0.0,0.4,23.399999999999995
19,2,0.25,0.2,0.7,0.1,0.0,55.199999999999996
19,2,0.25,0.45,0.7,0.1,0.0,50.699999999999996
19,2,0.25,0.7,0.7,0.1,0.0,46.199999999999996
19,2,0.25,0.9,0.7,0.1,0.0,42.599999999999994
19,2,0.5,0.2,0.7,0.1,0.0,49.199999999999996
19,2,0.5,0.45,0.7,0.1,0.0,44.699999999999996
19,2,0.5,0.7,0.7,0.1,0.0,40.199999999999996
19,2,0.5,0.9,0.7,0.1,0.0,36.599999999999994
19,2,0.75,0.2,0.7,0.1,0.0,43.199999999999996
19,2,0.75,0.45,0.7,0.1,0.0,38.699999999999996
19,2,0.75,0.7,0.7,0.1,0.0,34.199999999999996
19,2,0.75,0.9,0.7,0.1,0.0,30.599999999999998
19,2,0.9,0.2,0.7,0.1,0.0,39.599999999999994
19,2,0.9,0.45,0.7,0.1,0.0,35.099999999999994
19,2,0.9,0.7,0.7,0.1,0.0,30.599999999999998
19,2,0.9,0.9,0.7,0.1,0.0,26.999999999999996
19,3,0.25,0.2,0.2,0.2,0.1,47.8
19,3,0.25,0.45,0.2,0.2,0.1,43.3
19,3,0.25,0.7,0.2,0.2,0.1,38.8
19,3,0.25,0.9,0.2,0.2,0.1,35.199999999999996
19,3,0.5,0.2,0.2,0.2,0.1,41.8
19,3,0.5,0.45,0.2,0.2,0.1,37.3
19,3,0.5,0.7,0.2,0.2,0.1,32.8
19,3,0.5,0.9,0.2,0.2,0.1,29.200000000000003
19,3,0.75,0.2,0.2,0.2,0.1,35.8
19,3,0.75,0.45,0.2,0.2,0.1,31.3
19,3,0.75,0.7,0.2,0.2,0.1,26.8
19,3,0.75,0.9,0.2,0.2,0.1,23.2
19,3,0.9,0.2,0.2,0.2,0.1,32.199999999999996
19,3,0.9,0.45,0.2,0.2,0.1,27.7
19,3,0.9,0.7,0.2,0.2,0.1,23.2
19,3,0.9,0.9,0.2,0.2,0.1,19.599999999999998
19,4,0.25,0.2,0.7,0.3,0.2,60.4
19,4,0.25,0.45,0.7,0.3,0.2,55.9
19,4,0.25,0.7,0.7,0.3,0.2,51.4
19,4,0.25,0.9,0.7,0.3,0.2,47.8
19,4,0.5,0.2,0.7,0.3,0.2,54.4
19,4,0.5,0.45,0.7,0.3,0.2,49.9
19,4,0.5,0.7,0.7,0.3,0.2,45.4
19,4,0.5,0.9,0.7,0.3,0.2,41.8
19,4,0.75,0.2,0.7,0.3,0.2,48.4
19,4,0.75,0.45,0.7,0.3,0.2,43.9
19,4,0.75,0.7,0.7,0.3,0.2,39.4
19,4,0.75,0.9,0.7,0.3,0.2,35.8
19,4,0.9,0.2,0.7,0.3,0.2,44.8
19,4,0.9,0.45,0.7,0.3,0.2,40.3
19,4,0.9,0.7,0.7,0.3,0.2,35.8
19,4,0.9,0.9,0.7,0.3,0.2,32.199999999999996
19,5,0.25,0.2,0.2,0.0,0.3,49.8
19,5,0.25,0.45,0.2,0.0,0.3,45.3
19,5,0.25,0.7,0.2,0.0,0.3,40.8
19,5,0.25,0.9,0.2,0.0,0.3,37.2
19,5,0.5,0.2,0.2,0.0,0.3,43.8
19,5,0.5,0.45,0.2,0.0,0.3,39.3
19,5,0.5,0.7,0.2,0.0,0.3,34.8
19,5,0.5,0.9,0.2,0.0,0.3,31.2
19,5,0.75,0.2,0.2,0.0,0.3,37.8
19,5,0.75,0.45,0.2,0.0,0.3,33.3
19,5,0.75,0.7,0.2,0.0,0.3,28.799999999999997
19,5,0.75,0.9,0.2,0.0,0.3,25.199999999999996
19,5,0.9,0.2,0.2,0.0,0.3,34.199999999999996
19,5,0.9,0.45,0.2,0.0,0.3,29.699999999999996
19,5,0.9,0.7,0.2,0.0,0.3,25.199999999999996
19,5,0.9,0.9,0.2,0.0,0.3,21.599999999999994
19,6,0.25,0.2,0.7,0.1,0.4,62.4
19,6,0.25,0.45,0.7,0.1,0.4,57.9
19,6,0.25,0.7,0.7,0.1,0.4,53.4
19,6,0.25,0.9,0.7,0.1,0.4,49.8
19,6,0.5,0.2,0.7,0.1,0.4,56.4
19,6,0.5,0.45,0.7,0.1,0.4,51.9
19,6,0.5,0.7,0.7,0.1,0.4,47.4
19,6,0.5,0.9,0.7,0.1,0.4,43.8
19,6,0.75,0.2,0.7,0.1,0.4,50.4
19,6,0.75,0.45,0.7,0.1,0.4,45.9
19,6,0.75,0.7,0.7,0.1,0.4,41.4
19,6,0.75,0.9,0.7,0.1,0.4,37.8
19,6,0.9,0.2,0.7,0.1,0.4,46.8
19,6,0.9,0.45,0.7,0.1,0.4,42.3
19,6,0.9,0.7,0.7,0.1,0.4,37.8
19,6,0.9,0.9,0.7,0.1,0.4,34.199999999999996
20,0,0.25,0.2,0.0,0.0,0.0,40.4
20,0,0.25,0.45,0.0,0.0,0.0,35.9
20,0,0.25,0.7,0.0,0.0,0.0,31.4
20,0,0.25,0.9,0.0,0.0,0.0,27.8
20,0,0.5,0.2,0.0,0.0,0.0,34.4
20,0,0.5,0.45,0.0,0.0,0.0,29.9
20,0,0.5,0.7,0.0,0.0,0.0,25.4
20,0,0.5,0.9,0.0,0.0,0.0,21.8
20,0,0.75,0.2,0.0,0.0,0.0,28.4
20,0,0.75,0.45,0.0,0.0,0.0,23.9
20,0,0.75,0.7,0.0,0.0,0.0,19.4
20,0,0.75,0.9,0.0,0.0,0.0,15.799999999999999
20,0,0.9,0.2,0.0,0.0,0.0,24.799999999999997
20,0,0.9,0.45,0.0,0.0,0.0,20.299999999999997
20,0,0.9,0.7,0.0,0.0,0.0,15.799999999999999
20,0,0.9,0.9,0.0,0.0,0.0,12.199999999999998
20,1,0.25,0.2,0.5,0.1,0.1,52.99999999999999
20,1,0.25,0.45,0.5,0.1,0.1,48.49999999999999
20,1,0.25,0.7,0.5,0.1,0.1,43.99999999999999
20,1,0.25,0.9,0.5,0.1,0.1,40.39999999999999
20,1,0.5,0.2,0.5,0.1,0.1,46.99999999999999
20,1,0.5,0.45,0.5,0.1,0.1,42.49999999999999
20,1,0.5,0.7,0.5,0.1,0.1,37.99999999999999
20,1,0.5,0.9,0.5,0.1,0.1,34.4
20,1,0.75,0.2,0.5,0.1,0.1,40.99999999999999
20,1,0.75,0.45,0.5,0.1,0.1,36.49999999999999
20,1,0.75,0.7,0.5,0.1,0.1,32.0
20,1,0.75,0.9,0.5,0.1,0.1,28.4
20,1,0.9,0.2,0.5,0.1,0.1,37.39999999999999
20,1,0.9,0.45,0.5,0.1,0.1,32.9
20,1,0.9,0.7,0.5,0.1,0.1,28.4
20,1,0.9,0.9,0.5,0.1,0.1,24.799999999999997
20,2,0.25,0.2,0.0,0.2,0.2,45.6
20,2,0.25,0.45,0.0,0.2,0.2,41.1
20,2,0.25,0.7,0.0,0.2,0.2,36.6
20,2,0.25,0.9,0.0,0.2,0.2,33.0
20,2,0.5,0.2,0.0,0.2,0.2,39.6
20,2,0.5,0.45,0.0,0.2,0.2,35.1
20,2,0.5,0.7,0.0,0.2,0.2,30.6
20,2,0.5,0.9,0.0,0.2,0.2,27.000000000000004
20,2,0.75,0.2,0.0,0.2,0.2,33.6
20,2,0.75,0.45,0.0,0.2,0.2,29.1
20,2,0.75,0.7,0.0,0.2,0.2,24.6
20,2,0.75,0.9,0.0,0.2,0.2,21.0
20,2,0.9,0.2,0.0,0.2,0.2,30.0
20,2,0.9,0.45,0.0,0.2,0.2,25.5
20,2,0.9,0.7,0.0,0.2,0.2,21.0
20,2,0.9,0.9,0.0,0.2,0.2,17.4
20,3,0.25,0.2,0.5,0.3,0.3,58.199999999999996
20,3,0.25,0.45,0.5,0.3,0.3,53.699999999999996
20,3,0.25,0.7,0.5,0.3,0.3,49.199999999999996
20,3,0.25,0.9,0.5,0.3,0.3,45.599999999999994
20,3,0.5,0.2,0.5,0.3,0.3,52.199999999999996
20,3,0.5,0.45,0.5,0.3,0.3,47.699999999999996
20,3,0.5,0.7,0.5,0.3,0.3,43.199999999999996
20,3,0.5,0.9,0.5,0.3,0.3,39.6
20,3,0.75,0.2,0.5,0.3,0.3,46.199999999999996
20,3,0.75,0.45,0.5,0.3,0.3,41.699999999999996
20,3,0.75,0.7,0.5,0.3,0.3,37.199999999999996
20,3,0.75,0.9,0.5,0.3,0.3,33.599999999999994
20,3,0.9,0.2,0.5,0.3,0.3,42.599999999999994
20,3,0.9,0.45,0.5,0.3,0.3,38.099999999999994
20,3,0.9,0.7,0.5,0.3,0.3,33.599999999999994
20,3,0.9,0.9,0.5,0.3,0.3,29.999999999999993
20,4,0.25,0.2,0.0,0.0,0.4,47.6
20,4,0.25,0.45,0.0,0.0,0.4,43.1
20,4,0.25,0.7,0.0,0.0,0.4,38.6
20,4,0.25,0.9,0.0,0.0,0.4,35.0
20,4,0.5,0.2,0.0,0.0,0.4,41.6
20,4,0.5,0.45,0.0,0.0,0.4,37.1
20,4,0.5,0.7,0.0,0.0,0.4,32.6
20,4,0.5,0.9,0.0,0.0,0.4,29.0
20,4,0.75,0.2,0.0,0.0,0.4,35.6
20,4,0.75,0.45,0.0,0.0,0.4,31.099999999999998
20,4,0.75,0.7,0.0,0.0,0.4,26.599999999999998
20,4,0.75,0.9,0.0,0.0,0.4,23.0
20,4,0.9,0.2,0.0,0.0,0.4,31.999999999999996
20,4,0.9,0.45,0.0,0.0,0.4,27.499999999999996
20,4,0.9,0.7,0.0,0.0,0.4,23.0
20,4,0.9,0.9,0.0,0.0,0.4,19.4
20,5,0.25,0.2,0.5,0.1,0.0,51.199999999999996
20,5,0.25,0.45,0.5,0.1,0.0,46.699999999999996
20,5,0.25,0.7,0.5,0.1,0.0,42.199999999999996
20,5,0.25,0.9,0.5,0.1,0.0,38.599999999999994
20,5,0.5,0.2,0.5,0.1,0.0,45.199999999999996
20,5,0.5,0.45,0.5,0.1,0.0,40.699999999999996
20,5,0.5,0.7,0.5,0.1,0.0,36.199999999999996
20,5,0.5,0.9,0.5,0.1,0.0,32.6
20,5,0.75,0.2,0.5,0.1,0.0,39.199999999999996
20,5,0.75,0.45,0.5,0.1,0.0,34.699999999999996
20,5,0.75,0.7,0.5,0.1,0.0,30.2
20,5,0.75,0.9,0.5,0.1,0.0,26.599999999999998
20,5,0.9,0.2,0.5,0.1,0.0,35.599999999999994
20,5,0.9,0.45,0.5,0.1,0.0,31.099999999999998
20,5,0.9,0.7,0.5,0.1,0.0,26.599999999999998
20,5,0.9,0.9,0.5,0.1,0.0,22.999999999999996
20,6,0.25,0.2,0.0,0.2,0.1,43.8
20,6,0.25,0.45,0.0,0.2,0.1,39.3
20,6,0.25,0.7,0.0,0.2,0.1,34.8
20,6,0.25,0.9,0.0,0.2,0.1,31.200000000000003
20,6,0.5,0.2,0.0,0.2,0.1,37.8
20,6,0.5,0.45,0.0,0.2,0.1,33.3
20,6,0.5,0.7,0.0,0.2,0.1,28.8
20,6,0.5,0.9,0.0,0.2,0.1,25.200000000000003
20,6,0.75,0.2,0.0,0.2,0.1,31.8
20,6,0.75,0.45,0.0,0.2,0.1,27.3
20,6,0.75,0.7,0.0,0.2,0.1,22.8
20,6,0.75,0.9,0.0,0.2,0.1,19.2
20,6,0.9,0.2,0.0,0.2,0.1,28.2
20,6,0.9,0.45,0.0,0.2,0.1,23.7
20,6,0.9,0.7,0.0,0.2,0.1,19.2
20,6,0.9,0.9,0.0,0.2,0.1,15.599999999999998
21,0,0.25,0.2,0.3,0.1,0.2,72.8
21,0,0.25,0.45,0.3,0.1,0.2,68.3
21,0,0.25,0.7,0.3,0.1,0.2,63.8
21,0,0.25,0.9,0.3,0.1,0.2,60.199999999999996
21,0,0.5,0.2,0.3,0.1,0.2,66.8
21,0,0.5,0.45,0.3,0.1,0.2,62.3
21,0,0.5,0.7,0.3,0.1,0.2,57.8
21,0,0.5,0.9,0.3,0.1,0.2,54.199999999999996
21,0,0.75,0.2,0.3,0.1,0.2,60.8
21,0,0.75,0.45,0.3,0.1,0.2,56.3
21,0,0.75,0.7,0.3,0.1,0.2,51.8
21,0,0.75,0.9,0.3,0.1,0.2,48.199999999999996
21,0,0.9,0.2,0.3,0.1,0.2,57.199999999999996
21,0,0.9,0.45,0.3,0.1,0.2,52.699999999999996
21,0,0.9,0.7,0.3,0.1,0.2,48.199999999999996
21,0,0.9,0.9,0.3,0.1,0.2,44.599999999999994
21,1,0.25,0.2,0.8,0.2,0.3,85.4
21,1,0.25,0.45,0.8,0.2,0.3,80.9
21,1,0.25,0.7,0.8,0.2,0.3,76.4
21,1,0.25,0.9,0.8,0.2,0.3,72.8
21,1,0.5,0.2,0.8,0.2,0.3,79.4
21,1,0.5,0.45,0.8,0.2,0.3,74.9
21,1,0.5,0.7,0.8,0.2,0.3,70.4
21,1,0.5,0.9,0.8,0.2,0.3,66.8
21,1,0.75,0.2,0.8,0.2,0.3,73.4
21,1,0.75,0.45,0.8,0.2,0.3,68.9
21,1,0.75,0.7,0.8,0.2,0.3,64.4
21,1,0.75,0.9,0.8,0.2,0.3,60.8
21,1,0.9,0.2,0.8,0.2,0.3,69.8
21,1,0.9,0.45,0.8,0.2,0.3,65.3
21,1,0.9,0.7,0.8,0.2,0.3,60.8
21,1,0.9,0.9,0.8,0.2,0.3,57.199999999999996
21,2,0.25,0.2,0.3,0.3,0.4,78.00000000000001
21,2,0.25,0.45,0.3,0.3,0.4,73.5
21,2,0.25,0.7,0.3,0.3,0.4,69.0
21,2,0.25,0.9,0.3,0.3,0.4,65.39999999999999
21,2,0.5,0.2,0.3,0.3,0.4,72.0
21,2,0.5,0.45,0.3,0.3,0.4,67.5
21,2,0.5,0.7,0.3,0.3,0.4,63.0
21,2,0.5,0.9,0.3,0.3,0.4,59.4
21,2,0.75,0.2,0.3,0.3,0.4,66.0
21,2,0.75,0.45,0.3,0.3,0.4,61.5
21,2,0.75,0.7,0.3,0.3,0.4,57.0
21,2,0.75,0.9,0.3,0.3,0.4,53.4
21,2,0.9,0.2,0.3,0.3,0.4,62.4
21,2,0.9,0.45,0.3,0.3,0.4,57.9
21,2,0.9,0.7,0.3,0.3,0.4,53.4
21,2,0.9,0.9,0.3,0.3,0.4,49.8
21,3,0.25,0.2,0.8,0.0,0.0,78.4
21,3,0.25,0.45,0.8,0.0,0.0,73.9
21,3,0.25,0.7,0.8,0.0,0.0,69.4
21,3,0.25,0.9,0.8,0.0,0.0,65.8
21,3,0.5,0.2,0.8,0.0,0.0,72.4
21,3,0.5,0.45,0.8,0.0,0.0,67.9
21,3,0.5,0.7,0.8,0.0,0.0,63.4
21,3,0.5,0.9,0.8,0.0,0.0,59.8
21,3,0.75,0.2,0.8,0.0,0.0,66.4
21,3,0.75,0.45,0.8,0.0,0.0,61.9
21,3,0.75,0.7,0.8,0.0,0.0,57.4
21,3,0.75,0.9,0.8,0.0,0.0,53.8
21,3,0.9,0.2,0.8,0.0,0.0,62.8
21,3,0.9,0.45,0.8,0.0,0.0,58.3
21,3,0.9,0.7,0.8,0.0,0.0,53.8
21,3,0.9,0.9,0.8,0.0,0.0,50.199999999999996
21,4,0.25,0.2,0.3,0.1,0.1,71.0
21,4,0.25,0.45,0.3,0.1,0.1,66.5
21,4,0.25,0.7,0.3,0.1,0.1,61.99999999999999
21,4,0.25,0.9,0.3,0.1,0.1,58.39999999999999
21,4,0.5,0.2,0.3,0.1,0.1,65.0
21,4,0.5,0.45,0.3,0.1,0.1,60.49999999999999
21,4,0.5,0.7,0.3,0.1,0.1,55.99999999999999
21,4,0.5,0.9,0.3,0.1,0.1,52.39999999999999
21,4,0.75,0.2,0.3,0.1,0.1,58.99999999999999
21,4,0.75,0.45,0.3,0.1,0.1,54.49999999999999
21,4,0.75,0.7,0.3,0.1,0.1,49.99999999999999
21,4,0.75,0.9,0.3,0.1,0.1,46.39999999999999
21,4,0.9,0.2,0.3,0.1,0.1,55.39999999999999
21,4,0.9,0.45,0.3,0.1,0.1,50.89999999999999
21,4,0.9,0.7,0.3,0.1,0.1,46.39999999999999
21,4,0.9,0.9,0.3,0.1,0.1,42.79999999999999
21,5,0.25,0.2,0.8,0.2,0.2,83.6
21,5,0.25,0.45,0.8,0.2,0.2,79.1
21,5,0.25,0.7,0.8,0.2,0.2,74.6
21,5,0.25,0.9,0.8,0.2,0.2,70.99999999999999
21,5,0.5,0.2,0.8,0.2,0.2,77.6
21,5,0.5,0.45,0.8,0.2,0.2,73.1
21,5,0.5,0.7,0.8,0.2,0.2,68.6
21,5,0.5,0.9,0.8,0.2,0.2,65.0
21,5,0.75,0.2,0.8,0.2,0.2,71.6
21,5,0.75,0.45,0.8,0.2,0.2,67.1
21,5,0.75,0.7,0.8,0.2,0.2,62.6
21,5,0.75,0.9,0.8,0.2,0.2,59.0
21,5,0.9,0.2,0.8,0.2,0.2,67.99999999999999
21,5,0.9,0.45,0.8,0.2,0.2,63.5
21,5,0.9,0.7,0.8,0.2,0.2,59.0
21,5,0.9,0.9,0.8,0.2,0.2,55.4
21,6,0.25,0.2,0.3,0.3,0.3,76.20000000000002
21,6,0.25,0.45,0.3,0.3,0.3,71.7
21,6,0.25,0.7,0.3,0.3,0.3,67.2
21,6,0.25,0.9,0.3,0.3,0.3,63.599999999999994
21,6,0.5,0.2,0.3,0.3,0.3,70.2
21,6,0.5,0.45,0.3,0.3,0.3,65.7
21,6,0.5,0.7,0.3,0.3,0.3,61.199999999999996
21,6,0.5,0.9,0.3,0.3,0.3,57.599999999999994
21,6,0.75,0.2,0.3,0.3,0.3,64.2
21,6,0.75,0.45,0.3,0.3,0.3,59.699999999999996
21,6,0.75,0.7,0.3,0.3,0.3,55.199999999999996
21,6,0.75,0.9,0.3,0.3,0.3,51.599999999999994
21,6,0.9,0.2,0.3,0.3,0.3,60.599999999999994
21,6,0.9,0.45,0.3,0.3,0.3,56.099999999999994
21,6,0.9,0.7,0.3,0.3,0.3,51.599999999999994
21,6,0.9,0.9,0.3,0.3,0.3,47.99999999999999
22,0,0.25,0.2,0.6,0.2,0.4,83.2
22,0,0.25,0.45,0.6,0.2,0.4,78.7
22,0,0.25,0.7,0.6,0.2,0.4,74.2
22,0,0.25,0.9,0.6,0.2,0.4,70.6
22,0,0.5,0.2,0.6,0.2,0.4,77.2
22,0,0.5,0.45,0.6,0.2,0.4,72.7
22,0,0.5,0.7,0.6,0.2,0.4,68.2
22,0,0.5,0.9,0.6,0.2,0.4,64.6
22,0,0.75,0.2,0.6,0.2,0.4,71.2
22,0,0.75,0.45,0.6,0.2,0.4,66.7
22,0,0.75,0.7,0.6,0.2,0.4,62.2
22,0,0.75,0.9,0.6,0.2,0.4,58.6
22,0,0.9,0.2,0.6,0.2,0.4,67.6
22,0,0.9,0.45,0.6,0.2,0.4,63.1
22,0,0.9,0.7,0.6,0.2,0.4,58.6
22,0,0.9,0.9,0.6,0.2,0.4,55.0
22,1,0.25,0.2,0.1,0.3,0.0,66.80000000000001
22,1,0.25,0.45,0.1,0.3,0.0,62.3
22,1,0.25,0.7,0.1,0.3,0.0,57.8
22,1,0.25,0.9,0.1,0.3,0.0,54.199999999999996
22,1,0.5,0.2,0.1,0.3,0.0,60.8
22,1,0.5,0.45,0.1,0.3,0.0,56.3
22,1,0.5,0.7,0.1,0.3,0.0,51.8
22,1,0.5,0.9,0.1,0.3,0.0,48.199999999999996
22,1,0.75,0.2,0.1,0.3,0.0,54.8
22,1,0.75,0.45,0.1,0.3,0.0,50.3
22,1,0.75,0.7,0.1,0.3,0.0,45.8
22,1,0.75,0.9,0.1,0.3,0.0,42.199999999999996
22,1,0.9,0.2,0.1,0.3,0.0,51.199999999999996
22,1,0.9,0.45,0.1,0.3,0.0,46.699999999999996
22,1,0.9,0.7,0.1,0.3,0.0,42.199999999999996
22,1,0.9,0.9,0.1,0.3,0.0,38.599999999999994
22,2,0.25,0.2,0.6,0.0,0.1,76.2
22,2,0.25,0.45,0.6,0.0,0.1,71.7
22,2,0.25,0.7,0.6,0.0,0.1,67.2
22,2,0.25,0.9,0.6,0.0,0.1,63.599999999999994
22,2,0.5,0.2,0.6,0.0,0.1,70.2
22,2,0.5,0.45,0.6,0.0,0.1,65.7
22,2,0.5,0.7,0.6,0.0,0.1,61.199999999999996
22,2,0.5,0.9,0.6,0.0,0.1,57.599999999999994
22,2,0.75,0.2,0.6,0.0,0.1,64.2
22,2,0.75,0.45,0.6,0.0,0.1,59.699999999999996
22,2,0.75,0.7,0.6,0.0,0.1,55.199999999999996
22,2,0.75,0.9,0.6,0.0,0.1,51.599999999999994
22,2,0.9,0.2,0.6,0.0,0.1,60.599999999999994
22,2,0.9,0.45,0.6,0.0,0.1,56.099999999999994
22,2,0.9,0.7,0.6,0.0,0.1,51.599999999999994
22,2,0.9,0.9,0.6,0.0,0.1,47.99999999999999
22,3,0.25,0.2,0.1,0.1,0.2,68.8
22,3,0.25,0.45,0.1,0.1,0.2,64.3
22,3,0.25,0.7,0.1,0.1,0.2,59.8
22,3,0.25,0.9,0.1,0.1,0.2,56.199999999999996
22,3,0.5,0.2,0.1,0.1,0.2,62.8
22,3,0.5,0.45,0.1,0.1,0.2,58.3
22,3,0.5,0.7,0.1,0.1,0.2,53.8
22,3,0.5,0.9,0.1,0.1,0.2,50.199999999999996
22,3,0.75,0.2,0.1,0.1,0.2,56.8
22,3,0.75,0.45,0.1,0.1,0.2,52.3
22,3,0.75,0.7,0.1,0.1,0.2,47.8
22,3,0.75,0.9,0.1,0.1,0.2,44.199999999999996
22,3,0.9,0.2,0.1,0.1,0.2,53.199999999999996
22,3,0.9,0.45,0.1,0.1,0.2,48.699999999999996
22,3,0.9,0.7,0.1,0.1,0.2,44.199999999999996
22,3,0.9,0.9,0.1,0.1,0.2,40.599999999999994
22,4,0.25,0.2,0.6,0.2,0.3,81.4
22,4,0.25,0.45,0.6,0.2,0.3,76.9
22,4,0.25,0.7,0.6,0.2,0.3,72.4
22,4,0.25,0.9,0.6,0.2,0.3,68.8
22,4,0.5,0.2,0.6,0.2,0.3,75.4
22,4,0.5,0.45,0.6,0.2,0.3,70.9
22,4,0.5,0.7,0.6,0.2,0.3,66.4
22,4,0.5,0.9,0.6,0.2,0.3,62.8
22,4,0.75,0.2,0.6,0.2,0.3,69.4
22,4,0.75,0.45,0.6,0.2,0.3,64.9
22,4,0.75,0.7,0.6,0.2,0.3,60.4
22,4,0.75,0.9,0.6,0.2,0.3,56.8
22,4,0.9,0.2,0.6,0.2,0.3,65.8
22,4,0.9,0.45,0.6,0.2,0.3,61.3
22,4,0.9,0.7,0.6,0.2,0.3,56.8
22,4,0.9,0.9,0.6,0.2,0.3,53.199999999999996
22,5,0.25,0.2,0.1,0.3,0.4,74.00000000000001
22,5,0.25,0.45,0.1,0.3,0.4,69.5
22,5,0.25,0.7,0.1,0.3,0.4,65.0
22,5,0.25,0.9,0.1,0.3,0.4,61.4
22,5,0.5,0.2,0.1,0.3,0.4,68.0
22,5,0.5,0.45,0.1,0.3,0.4,63.5
22,5,0.5,0.7,0.1,0.3,0.4,59.0
22,5,0.5,0.9,0.1,0.3,0.4,55.4
22,5,0.75,0.2,0.1,0.3,0.4,62.0
22,5,0.75,0.45,0.1,0.3,0.4,57.5
22,5,0.75,0.7,0.1,0.3,0.4,53.0
22,5,0.75,0.9,0.1,0.3,0.4,49.4
22,5,0.9,0.2,0.1,0.3,0.4,58.4
22,5,0.9,0.45,0.1,0.3,0.4,53.9
22,5,0.9,0.7,0.1,0.3,0.4,49.4
22,5,0.9,0.9,0.1,0.3,0.4,45.8
22,6,0.25,0.2,0.6,0.0,0.0,74.4
22,6,0.25,0.45,0.6,0.0,0.0,69.9
22,6,0.25,0.7,0.6,0.0,0.0,65.4
22,6,0.25,0.9,0.6,0.0,0.0,61.8
22,6,0.5,0.2,0.6,0.0,0.0,68.4
22,6,0.5,0.45,0.6,0.0,0.0,63.9
22,6,0.5,0.7,0.6,0.0,0.0,59.4
22,6,0.5,0.9,0.6,0.0,0.0,55.8
22,6,0.75,0.2,0.6,0.0,0.0,62.4
22,6,0.75,0.45,0.6,0.0,0.0,57.9
22,6,0.75,0.7,0.6,0.0,0.0,53.4
22,6,0.75,0.9,0.6,0.0,0.0,49.8
22,6,0.9,0.2,0.6,0.0,0.0,58.8
22,6,0.9,0.45,0.6,0.0,0.0,54.3
22,6,0.9,0.7,0.6,0.0,0.0,49.8
22,6,0.9,0.9,0.6,0.0,0.0,46.199999999999996
23,0,0.25,0.2,0.9,0.3,0.1,84.60000000000001
23,0,0.25,0.45,0.9,0.3,0.1,80.10000000000001
23,0,0.25,0.7,0.9,0.3,0.1,75.60000000000001
23,0,0.25,0.9,0.9,0.3,0.1,72.0
23,0,0.5,0.2,0.9,0.3,0.1,78.60000000000001
23,0,0.5,0.45,0.9,0.3,0.1,74.10000000000001
23,0,0.5,0.7,0.9,0.3,0.1,69.60000000000001
23,0,0.5,0.9,0.9,0.3,0.1,66.0
23,0,0.75,0.2,0.9,0.3,0.1,72.60000000000001
23,0,0.75,0.45,0.9,0.3,0.1,68.1
23,0,0.75,0.7,0.9,0.3,0.1,63.599999999999994
23,0,0.75,0.9,0.9,0.3,0.1,59.99999999999999
23,0,0.9,0.2,0.9,0.3,0.1,69.0
23,0,0.9,0.45,0.9,0.3,0.1,64.5
23,0,0.9,0.7,0.9,0.3,0.1,59.99999999999999
23,0,0.9,0.9,0.9,0.3,0.1,56.39999999999999
23,1,0.25,0.2,0.4,0.0,0.2,74.0
23,1,0.25,0.45,0.4,0.0,0.2,69.5
23,1,0.25,0.7,0.4,0.0,0.2,65.0
23,1,0.25,0.9,0.4,0.0,0.2,61.4
23,1,0.5,0.2,0.4,0.0,0.2,68.0
23,1,0.5,0.45,0.4,0.0,0.2,63.5
23,1,0.5,0.7,0.4,0.0,0.2,59.0
23,1,0.5,0.9,0.4,0.0,0.2,55.4
23,1,0.75,0.2,0.4,0.0,0.2,62.0
23,1,0.75,0.45,0.4,0.0,0.2,57.5
23,1,0.75,0.7,0.4,0.0,0.2,53.0
23,1,0.75,0.9,0.4,0.0,0.2,49.4
23,1,0.9,0.2,0.4,0.0,0.2,58.4
23,1,0.9,0.45,0.4,0.0,0.2,53.9
23,1,0.9,0.7,0.4,0.0,0.2,49.4
23,1,0.9,0.9,0.4,0.0,0.2,45.8
23,2,0.25,0.2,0.9,0.1,0.3,86.60000000000001
23,2,0.25,0.45,0.9,0.1,0.3,82.10000000000001
23,2,0.25,0.7,0.9,0.1,0.3,77.60000000000001
23,2,0.25,0.9,0.9,0.1,0.3,74.0
23,2,0.5,0.2,0.9,0.1,0.3,80.60000000000001
23,2,0.5,0.45,0.9,0.1,0.3,76.10000000000001
23,2,0.5,0.7,0.9,0.1,0.3,71.60000000000001
23,2,0.5,0.9,0.9,0.1,0.3,68.0
23,2,0.75,0.2,0.9,0.1,0.3,74.60000000000001
23,2,0.75,0.45,0.9,0.1,0.3,70.10000000000001
23,2,0.75,0.7,0.9,0.1,0.3,65.6
23,2,0.75,0.9,0.9,0.1,0.3,61.99999999999999
23,2,0.9,0.2,0.9,0.1,0.3,71.0
23,2,0.9,0.45,0.9,0.1,0.3,66.5
23,2,0.9,0.7,0.9,0.1,0.3,61.99999999999999
23,2,0.9,0.9,0.9,0.1,0.3,58.39999999999999
23,3,0.25,0.2,0.4,0.2,0.4,79.2
23,3,0.25,0.45,0.4,0.2,0.4,74.7
23,3,0.25,0.7,0.4,0.2,0.4,70.2
23,3,0.25,0.9,0.4,0.2,0.4,66.6
23,3,0.5,0.2,0.4,0.2,0.4,73.2
23,3,0.5,0.45,0.4,0.2,0.4,68.7
23,3,0.5,0.7,0.4,0.2,0.4,64.2
23,3,0.5,0.9,0.4,0.2,0.4,60.6
23,3,0.75,0.2,0.4,0.2,0.4,67.2
23,3,0.75,0.45,0.4,0.2,0.4,62.7
23,3,0.75,0.7,0.4,0.2,0.4,58.2
23,3,0.75,0.9,0.4,0.2,0.4,54.6
23,3,0.9,0.2,0.4,0.2,0.4,63.6
23,3,0.9,0.45,0.4,0.2,0.4,59.1
23,3,0.9,0.7,0.4,0.2,0.4,54.6
23,3,0.9,0.9,0.4,0.2,0.4,51.0
23,4,0.25,0.2,0.9,0.3,0.0,82.80000000000001
23,4,0.25,0.45,0.9,0.3,0.0,78.30000000000001
23,4,0.25,0.7,0.9,0.3,0.0,73.80000000000001
23,4,0.25,0.9,0.9,0.3,0.0,70.2
23,4,0.5,0.2,0.9,0.3,0.0,76.80000000000001
23,4,0.5,0.45,0.9,0.3,0.0,72.30000000000001
23,4,0.5,0.7,0.9,0.3,0.0,67.80000000000001
23,4,0.5,0.9,0.9,0.3,0.0,64.2
23,4,0.75,0.2,0.9,0.3,0.0,70.80000000000001
23,4,0.75,0.45,0.9,0.3,0.0,66.3
23,4,0.75,0.7,0.9,0.3,0.0,61.8
23,4,0.75,0.9,0.9,0.3,0.0,58.199999999999996
23,4,0.9,0.2,0.9,0.3,0.0,67.2
23,4,0.9,0.45,0.9,0.3,0.0,62.699999999999996
23,4,0.9,0.7,0.9,0.3,0.0,58.199999999999996
23,4,0.9,0.9,0.9,0.3,0.0,54.599999999999994
23,5,0.25,0.2,0.4,0.0,0.1,72.2
23,5,0.25,0.45,0.4,0.0,0.1,67.7
23,5,0.25,0.7,0.4,0.0,0.1,63.199999999999996
23,5,0.25,0.9,0.4,0.0,0.1,59.599999999999994
23,5,0.5,0.2,0.4,0.0,0.1,66.2
23,5,0.5,0.45,0.4,0.0,0.1,61.699999999999996
23,5,0.5,0.7,0.4,0.0,0.1,57.199999999999996
23,5,0.5,0.9,0.4,0.0,0.1,53.599999999999994
23,5,0.75,0.2,0.4,0.0,0.1,60.199999999999996
23,5,0.75,0.45,0.4,0.0,0.1,55.699999999999996
23,5,0.75,0.7,0.4,0.0,0.1,51.199999999999996
23,5,0.75,0.9,0.4,0.0,0.1,47.599999999999994
23,5,0.9,0.2,0.4,0.0,0.1,56.599999999999994
23,5,0.9,0.45,0.4,0.0,0.1,52.099999999999994
23,5,0.9,0.7,0.4,0.0,0.1,47.599999999999994
23,5,0.9,0.9,0.4,0.0,0.1,43.99999999999999
23,6,0.25,0.2,0.9,0.1,0.2,84.8
23,6,0.25,0.45,0.9,0.1,0.2,80.3
23,6,0.25,0.7,0.9,0.1,0.2,75.8
23,6,0.25,0.9,0.9,0.1,0.2,72.19999999999999
23,6,0.5,0.2,0.9,0.1,0.2,78.8
23,6,0.5,0.45,0.9,0.1,0.2,74.3
23,6,0.5,0.7,0.9,0.1,0.2,69.8
23,6,0.5,0.9,0.9,0.1,0.2,66.19999999999999
23,6,0.75,0.2,0.9,0.1,0.2,72.8
23,6,0.75,0.45,0.9,0.1,0.2,68.3
23,6,0.75,0.7,0.9,0.1,0.2,63.8
23,6,0.75,0.9,0.9,0.1,0.2,60.199999999999996
23,6,0.9,0.2,0.9,0.1,0.2,69.19999999999999
23,6,0.9,0.45,0.9,0.1,0.2,64.69999999999999
23,6,0.9,0.7,0.9,0.1,0.2,60.199999999999996
23,6,0.9,0.9,0.9,0.1,0.2,56.599999999999994
